[
  { "_comment": "Auto-generated by the UI Fabric Icon subsetter tool: https://uifabricicons.azurewebsites.net" },
  { "name": "GlobalNavButton", "unicode": "E700" },
  { "name": "InternetSharing", "unicode": "E704" },
  { "name": "Brightness", "unicode": "E706" },
  { "name": "MapPin", "unicode": "E707" },
  { "name": "Airplane", "unicode": "E709" },
  { "name": "Tablet", "unicode": "E70A" },
  { "name": "QuickNote", "unicode": "E70B" },
  { "name": "ChevronDown", "unicode": "E70D" },
  { "name": "ChevronUp", "unicode": "E70E" },
  { "name": "Edit", "unicode": "E70F" },
  { "name": "Add", "unicode": "E710" },
  { "name": "Cancel", "unicode": "E711" },
  { "name": "More", "unicode": "E712" },
  { "name": "Settings", "unicode": "E713" },
  { "name": "Video", "unicode": "E714" },
  { "name": "Mail", "unicode": "E715" },
  { "name": "People", "unicode": "E716" },
  { "name": "Phone", "unicode": "E717" },
  { "name": "Pin", "unicode": "E718" },
  { "name": "Shop", "unicode": "E719" },
  { "name": "Stop", "unicode": "E71A" },
  { "name": "Link", "unicode": "E71B" },
  { "name": "Filter", "unicode": "E71C" },
  { "name": "AllApps", "unicode": "E71D" },
  { "name": "Zoom", "unicode": "E71E" },
  { "name": "ZoomOut", "unicode": "E71F" },
  { "name": "Microphone", "unicode": "E720" },
  { "name": "Search", "unicode": "E721" },
  { "name": "Camera", "unicode": "E722" },
  { "name": "Attach", "unicode": "E723" },
  { "name": "Send", "unicode": "E724" },
  { "name": "FavoriteList", "unicode": "E728" },
  { "name": "PageSolid", "unicode": "E729" },
  { "name": "Forward", "unicode": "E72A" },
  { "name": "Back", "unicode": "E72B" },
  { "name": "Refresh", "unicode": "E72C" },
  { "name": "Share", "unicode": "E72D" },
  { "name": "Lock", "unicode": "E72E" },
  { "name": "BlockedSite", "unicode": "E72F" },
  { "name": "ReportHacked", "unicode": "E730" },
  { "name": "EMI", "unicode": "E731" },
  { "name": "MiniLink", "unicode": "E732" },
  { "name": "Blocked", "unicode": "E733" },
  { "name": "FavoriteStar", "unicode": "E734" },
  { "name": "FavoriteStarFill", "unicode": "E735" },
  { "name": "ReadingMode", "unicode": "E736" },
  { "name": "Favicon", "unicode": "E737" },
  { "name": "Remove", "unicode": "E738" },
  { "name": "Checkbox", "unicode": "E739" },
  { "name": "CheckboxComposite", "unicode": "E73A" },
  { "name": "CheckboxFill", "unicode": "E73B" },
  { "name": "CheckboxIndeterminate", "unicode": "E73C" },
  { "name": "CheckboxCompositeReversed", "unicode": "E73D" },
  { "name": "CheckMark", "unicode": "E73E" },
  { "name": "BackToWindow", "unicode": "E73F" },
  { "name": "FullScreen", "unicode": "E740" },
  { "name": "Print", "unicode": "E749" },
  { "name": "Up", "unicode": "E74A" },
  { "name": "Down", "unicode": "E74B" },
  { "name": "OEM", "unicode": "E74C" },
  { "name": "Delete", "unicode": "E74D" },
  { "name": "Save", "unicode": "E74E" },
  { "name": "ReturnKey", "unicode": "E751" },
  { "name": "Cloud", "unicode": "E753" },
  { "name": "Flashlight", "unicode": "E754" },
  { "name": "CommandPrompt", "unicode": "E756" },
  { "name": "Sad", "unicode": "E757" },
  { "name": "RealEstate", "unicode": "E758" },
  { "name": "SIPMove", "unicode": "E759" },
  { "name": "EraseTool", "unicode": "E75C" },
  { "name": "GripperTool", "unicode": "E75E" },
  { "name": "Dialpad", "unicode": "E75F" },
  { "name": "PageLeft", "unicode": "E760" },
  { "name": "PageRight", "unicode": "E761" },
  { "name": "MultiSelect", "unicode": "E762" },
  { "name": "KeyboardClassic", "unicode": "E765" },
  { "name": "Play", "unicode": "E768" },
  { "name": "Pause", "unicode": "E769" },
  { "name": "ChevronLeft", "unicode": "E76B" },
  { "name": "ChevronRight", "unicode": "E76C" },
  { "name": "InkingTool", "unicode": "E76D" },
  { "name": "Emoji2", "unicode": "E76E" },
  { "name": "GripperBarHorizontal", "unicode": "E76F" },
  { "name": "System", "unicode": "E770" },
  { "name": "Personalize", "unicode": "E771" },
  { "name": "SearchAndApps", "unicode": "E773" },
  { "name": "Globe", "unicode": "E774" },
  { "name": "EaseOfAccess", "unicode": "E776" },
  { "name": "ContactInfo", "unicode": "E779" },
  { "name": "Unpin", "unicode": "E77A" },
  { "name": "Contact", "unicode": "E77B" },
  { "name": "Memo", "unicode": "E77C" },
  { "name": "IncomingCall", "unicode": "E77E" },
  { "name": "Paste", "unicode": "E77F" },
  { "name": "WindowsLogo", "unicode": "E782" },
  { "name": "Error", "unicode": "E783" },
  { "name": "GripperBarVertical", "unicode": "E784" },
  { "name": "Unlock", "unicode": "E785" },
  { "name": "Slideshow", "unicode": "E786" },
  { "name": "Calendar", "unicode": "E787" },
  { "name": "Megaphone", "unicode": "E789" },
  { "name": "AutoEnhanceOn", "unicode": "E78D" },
  { "name": "AutoEnhanceOff", "unicode": "E78E" },
  { "name": "Color", "unicode": "E790" },
  { "name": "SaveAs", "unicode": "E792" },
  { "name": "Light", "unicode": "E793" },
  { "name": "Filters", "unicode": "E795" },
  { "name": "AspectRatio", "unicode": "E799" },
  { "name": "Contrast", "unicode": "E7A1" },
  { "name": "Redo", "unicode": "E7A6" },
  { "name": "Undo", "unicode": "E7A7" },
  { "name": "Crop", "unicode": "E7A8" },
  { "name": "PhotoCollection", "unicode": "E7AA" },
  { "name": "Album", "unicode": "E7AB" },
  { "name": "Rotate", "unicode": "E7AD" },
  { "name": "PanoIndicator", "unicode": "E7B0" },
  { "name": "Translate", "unicode": "E7B2" },
  { "name": "RedEye", "unicode": "E7B3" },
  { "name": "ThumbnailView", "unicode": "E7B6" },
  { "name": "Package", "unicode": "E7B8" },
  { "name": "Telemarketer", "unicode": "E7B9" },
  { "name": "Warning", "unicode": "E7BA" },
  { "name": "Financial", "unicode": "E7BB" },
  { "name": "Education", "unicode": "E7BE" },
  { "name": "ShoppingCart", "unicode": "E7BF" },
  { "name": "Train", "unicode": "E7C0" },
  { "name": "Flag", "unicode": "E7C1" },
  { "name": "Move", "unicode": "E7C2" },
  { "name": "Page", "unicode": "E7C3" },
  { "name": "TouchPointer", "unicode": "E7C9" },
  { "name": "Merge", "unicode": "E7D5" },
  { "name": "TurnRight", "unicode": "E7DB" },
  { "name": "Ferry", "unicode": "E7E3" },
  { "name": "Highlight", "unicode": "E7E6" },
  { "name": "PowerButton", "unicode": "E7E8" },
  { "name": "Tab", "unicode": "E7E9" },
  { "name": "Admin", "unicode": "E7EF" },
  { "name": "TVMonitor", "unicode": "E7F4" },
  { "name": "Speakers", "unicode": "E7F5" },
  { "name": "Game", "unicode": "E7FC" },
  { "name": "UnstackSelected", "unicode": "E7FE" },
  { "name": "StackIndicator", "unicode": "E7FF" },
  { "name": "Nav2DMapView", "unicode": "E800" },
  { "name": "StreetsideSplitMinimize", "unicode": "E802" },
  { "name": "Car", "unicode": "E804" },
  { "name": "Bus", "unicode": "E806" },
  { "name": "EatDrink", "unicode": "E807" },
  { "name": "SeeDo", "unicode": "E808" },
  { "name": "LocationCircle", "unicode": "E80E" },
  { "name": "Home", "unicode": "E80F" },
  { "name": "SwitcherStartEnd", "unicode": "E810" },
  { "name": "ParkingLocation", "unicode": "E811" },
  { "name": "IncidentTriangle", "unicode": "E814" },
  { "name": "Touch", "unicode": "E815" },
  { "name": "MapDirections", "unicode": "E816" },
  { "name": "CaretHollow", "unicode": "E817" },
  { "name": "CaretSolid", "unicode": "E818" },
  { "name": "History", "unicode": "E81C" },
  { "name": "Location", "unicode": "E81D" },
  { "name": "MapLayers", "unicode": "E81E" },
  { "name": "SearchNearby", "unicode": "E820" },
  { "name": "Work", "unicode": "E821" },
  { "name": "Recent", "unicode": "E823" },
  { "name": "Hotel", "unicode": "E824" },
  { "name": "Bank", "unicode": "E825" },
  { "name": "LocationDot", "unicode": "E827" },
  { "name": "Dictionary", "unicode": "E82D" },
  { "name": "ChromeBack", "unicode": "E830" },
  { "name": "FolderOpen", "unicode": "E838" },
  { "name": "Pinned", "unicode": "E840" },
  { "name": "PinnedFill", "unicode": "E842" },
  { "name": "RevToggleKey", "unicode": "E845" },
  { "name": "USB", "unicode": "E88E" },
  { "name": "View", "unicode": "E890" },
  { "name": "Previous", "unicode": "E892" },
  { "name": "Next", "unicode": "E893" },
  { "name": "Clear", "unicode": "E894" },
  { "name": "Sync", "unicode": "E895" },
  { "name": "Download", "unicode": "E896" },
  { "name": "Help", "unicode": "E897" },
  { "name": "Upload", "unicode": "E898" },
  { "name": "Emoji", "unicode": "E899" },
  { "name": "MailForward", "unicode": "E89C" },
  { "name": "ClosePane", "unicode": "E89F" },
  { "name": "OpenPane", "unicode": "E8A0" },
  { "name": "PreviewLink", "unicode": "E8A1" },
  { "name": "ZoomIn", "unicode": "E8A3" },
  { "name": "Bookmarks", "unicode": "E8A4" },
  { "name": "Document", "unicode": "E8A5" },
  { "name": "ProtectedDocument", "unicode": "E8A6" },
  { "name": "OpenInNewWindow", "unicode": "E8A7" },
  { "name": "MailFill", "unicode": "E8A8" },
  { "name": "ViewAll", "unicode": "E8A9" },
  { "name": "Switch", "unicode": "E8AB" },
  { "name": "Rename", "unicode": "E8AC" },
  { "name": "Go", "unicode": "E8AD" },
  { "name": "Remote", "unicode": "E8AF" },
  { "name": "SelectAll", "unicode": "E8B3" },
  { "name": "Orientation", "unicode": "E8B4" },
  { "name": "Import", "unicode": "E8B5" },
  { "name": "Folder", "unicode": "E8B7" },
  { "name": "Picture", "unicode": "E8B9" },
  { "name": "ChromeClose", "unicode": "E8BB" },
  { "name": "ShowResults", "unicode": "E8BC" },
  { "name": "Message", "unicode": "E8BD" },
  { "name": "CalendarDay", "unicode": "E8BF" },
  { "name": "CalendarWeek", "unicode": "E8C0" },
  { "name": "MailReplyAll", "unicode": "E8C2" },
  { "name": "Read", "unicode": "E8C3" },
  { "name": "Cut", "unicode": "E8C6" },
  { "name": "PaymentCard", "unicode": "E8C7" },
  { "name": "Copy", "unicode": "E8C8" },
  { "name": "Important", "unicode": "E8C9" },
  { "name": "MailReply", "unicode": "E8CA" },
  { "name": "Sort", "unicode": "E8CB" },
  { "name": "GotoToday", "unicode": "E8D1" },
  { "name": "Font", "unicode": "E8D2" },
  { "name": "FontColor", "unicode": "E8D3" },
  { "name": "FolderFill", "unicode": "E8D5" },
  { "name": "Permissions", "unicode": "E8D7" },
  { "name": "DisableUpdates", "unicode": "E8D8" },
  { "name": "Unfavorite", "unicode": "E8D9" },
  { "name": "Italic", "unicode": "E8DB" },
  { "name": "Underline", "unicode": "E8DC" },
  { "name": "Bold", "unicode": "E8DD" },
  { "name": "MoveToFolder", "unicode": "E8DE" },
  { "name": "Dislike", "unicode": "E8E0" },
  { "name": "Like", "unicode": "E8E1" },
  { "name": "AlignRight", "unicode": "E8E2" },
  { "name": "AlignCenter", "unicode": "E8E3" },
  { "name": "AlignLeft", "unicode": "E8E4" },
  { "name": "OpenFile", "unicode": "E8E5" },
  { "name": "ClearSelection", "unicode": "E8E6" },
  { "name": "FontDecrease", "unicode": "E8E7" },
  { "name": "FontIncrease", "unicode": "E8E8" },
  { "name": "FontSize", "unicode": "E8E9" },
  { "name": "CellPhone", "unicode": "E8EA" },
  { "name": "Tag", "unicode": "E8EC" },
  { "name": "RepeatOne", "unicode": "E8ED" },
  { "name": "RepeatAll", "unicode": "E8EE" },
  { "name": "Calculator", "unicode": "E8EF" },
  { "name": "Library", "unicode": "E8F1" },
  { "name": "PostUpdate", "unicode": "E8F3" },
  { "name": "NewFolder", "unicode": "E8F4" },
  { "name": "CalendarReply", "unicode": "E8F5" },
  { "name": "UnsyncFolder", "unicode": "E8F6" },
  { "name": "SyncFolder", "unicode": "E8F7" },
  { "name": "BlockContact", "unicode": "E8F8" },
  { "name": "AddFriend", "unicode": "E8FA" },
  { "name": "Accept", "unicode": "E8FB" },
  { "name": "BulletedList", "unicode": "E8FD" },
  { "name": "Preview", "unicode": "E8FF" },
  { "name": "News", "unicode": "E900" },
  { "name": "Chat", "unicode": "E901" },
  { "name": "Group", "unicode": "E902" },
  { "name": "World", "unicode": "E909" },
  { "name": "Comment", "unicode": "E90A" },
  { "name": "DockLeft", "unicode": "E90C" },
  { "name": "DockRight", "unicode": "E90D" },
  { "name": "Repair", "unicode": "E90F" },
  { "name": "Accounts", "unicode": "E910" },
  { "name": "Street", "unicode": "E913" },
  { "name": "RadioBullet", "unicode": "E915" },
  { "name": "Stopwatch", "unicode": "E916" },
  { "name": "Clock", "unicode": "E917" },
  { "name": "WorldClock", "unicode": "E918" },
  { "name": "AlarmClock", "unicode": "E919" },
  { "name": "Photo", "unicode": "E91B" },
  { "name": "ActionCenter", "unicode": "E91C" },
  { "name": "Hospital", "unicode": "E91D" },
  { "name": "Timer", "unicode": "E91E" },
  { "name": "FullCircleMask", "unicode": "E91F" },
  { "name": "LocationFill", "unicode": "E920" },
  { "name": "ChromeMinimize", "unicode": "E921" },
  { "name": "ChromeRestore", "unicode": "E923" },
  { "name": "Annotation", "unicode": "E924" },
  { "name": "Fingerprint", "unicode": "E928" },
  { "name": "Handwriting", "unicode": "E929" },
  { "name": "ChromeFullScreen", "unicode": "E92D" },
  { "name": "Completed", "unicode": "E930" },
  { "name": "Label", "unicode": "E932" },
  { "name": "FlickDown", "unicode": "E935" },
  { "name": "FlickUp", "unicode": "E936" },
  { "name": "FlickLeft", "unicode": "E937" },
  { "name": "FlickRight", "unicode": "E938" },
  { "name": "MiniExpand", "unicode": "E93A" },
  { "name": "MiniContract", "unicode": "E93B" },
  { "name": "Streaming", "unicode": "E93E" },
  { "name": "MusicInCollection", "unicode": "E940" },
  { "name": "OneDriveLogo", "unicode": "E941" },
  { "name": "CompassNW", "unicode": "E942" },
  { "name": "Code", "unicode": "E943" },
  { "name": "LightningBolt", "unicode": "E945" },
  { "name": "Info", "unicode": "E946" },
  { "name": "CalculatorMultiply", "unicode": "E947" },
  { "name": "CalculatorAddition", "unicode": "E948" },
  { "name": "CalculatorSubtract", "unicode": "E949" },
  { "name": "CalculatorPercentage", "unicode": "E94C" },
  { "name": "CalculatorEqualTo", "unicode": "E94E" },
  { "name": "PrintfaxPrinterFile", "unicode": "E956" },
  { "name": "StorageOptical", "unicode": "E958" },
  { "name": "Communications", "unicode": "E95A" },
  { "name": "Headset", "unicode": "E95B" },
  { "name": "Health", "unicode": "E95E" },
  { "name": "FrontCamera", "unicode": "E96B" },
  { "name": "ChevronUpSmall", "unicode": "E96D" },
  { "name": "ChevronDownSmall", "unicode": "E96E" },
  { "name": "ChevronLeftSmall", "unicode": "E96F" },
  { "name": "ChevronRightSmall", "unicode": "E970" },
  { "name": "ChevronUpMed", "unicode": "E971" },
  { "name": "ChevronDownMed", "unicode": "E972" },
  { "name": "ChevronLeftMed", "unicode": "E973" },
  { "name": "ChevronRightMed", "unicode": "E974" },
  { "name": "Devices2", "unicode": "E975" },
  { "name": "PC1", "unicode": "E977" },
  { "name": "PresenceChickletVideo", "unicode": "E979" },
  { "name": "Reply", "unicode": "E97A" },
  { "name": "HalfAlpha", "unicode": "E97E" },
  { "name": "ConstructionCone", "unicode": "E98F" },
  { "name": "DoubleChevronLeftMed", "unicode": "E991" },
  { "name": "Volume0", "unicode": "E992" },
  { "name": "Volume1", "unicode": "E993" },
  { "name": "Volume2", "unicode": "E994" },
  { "name": "Volume3", "unicode": "E995" },
  { "name": "Chart", "unicode": "E999" },
  { "name": "Robot", "unicode": "E99A" },
  { "name": "Manufacturing", "unicode": "E99C" },
  { "name": "LockSolid", "unicode": "E9A2" },
  { "name": "FitPage", "unicode": "E9A6" },
  { "name": "FitWidth", "unicode": "E9A7" },
  { "name": "BidiLtr", "unicode": "E9AA" },
  { "name": "BidiRtl", "unicode": "E9AB" },
  { "name": "RightDoubleQuote", "unicode": "E9B1" },
  { "name": "Sunny", "unicode": "E9BD" },
  { "name": "CloudWeather", "unicode": "E9BE" },
  { "name": "Cloudy", "unicode": "E9BF" },
  { "name": "PartlyCloudyDay", "unicode": "E9C0" },
  { "name": "PartlyCloudyNight", "unicode": "E9C1" },
  { "name": "ClearNight", "unicode": "E9C2" },
  { "name": "RainShowersDay", "unicode": "E9C3" },
  { "name": "Rain", "unicode": "E9C4" },
  { "name": "Thunderstorms", "unicode": "E9C6" },
  { "name": "RainSnow", "unicode": "E9C7" },
  { "name": "Snow", "unicode": "E9C8" },
  { "name": "BlowingSnow", "unicode": "E9C9" },
  { "name": "Frigid", "unicode": "E9CA" },
  { "name": "Fog", "unicode": "E9CB" },
  { "name": "Squalls", "unicode": "E9CC" },
  { "name": "Duststorm", "unicode": "E9CD" },
  { "name": "Unknown", "unicode": "E9CE" },
  { "name": "Precipitation", "unicode": "E9CF" },
  { "name": "SortLines", "unicode": "E9D0" },
  { "name": "Ribbon", "unicode": "E9D1" },
  { "name": "AreaChart", "unicode": "E9D2" },
  { "name": "Assign", "unicode": "E9D3" },
  { "name": "FlowChart", "unicode": "E9D4" },
  { "name": "CheckList", "unicode": "E9D5" },
  { "name": "Diagnostic", "unicode": "E9D9" },
  { "name": "Generate", "unicode": "E9DA" },
  { "name": "LineChart", "unicode": "E9E6" },
  { "name": "Equalizer", "unicode": "E9E9" },
  { "name": "BarChartHorizontal", "unicode": "E9EB" },
  { "name": "BarChartVertical", "unicode": "E9EC" },
  { "name": "Freezing", "unicode": "E9EF" },
  { "name": "FunnelChart", "unicode": "E9F1" },
  { "name": "Processing", "unicode": "E9F5" },
  { "name": "Quantity", "unicode": "E9F8" },
  { "name": "ReportDocument", "unicode": "E9F9" },
  { "name": "StackColumnChart", "unicode": "E9FC" },
  { "name": "SnowShowerDay", "unicode": "E9FD" },
  { "name": "HailDay", "unicode": "EA00" },
  { "name": "WorkFlow", "unicode": "EA01" },
  { "name": "HourGlass", "unicode": "EA03" },
  { "name": "StoreLogoMed20", "unicode": "EA04" },
  { "name": "TimeSheet", "unicode": "EA05" },
  { "name": "TriangleSolid", "unicode": "EA08" },
  { "name": "UpgradeAnalysis", "unicode": "EA0B" },
  { "name": "VideoSolid", "unicode": "EA0C" },
  { "name": "RainShowersNight", "unicode": "EA0F" },
  { "name": "SnowShowerNight", "unicode": "EA11" },
  { "name": "Teamwork", "unicode": "EA12" },
  { "name": "HailNight", "unicode": "EA13" },
  { "name": "PeopleAdd", "unicode": "EA15" },
  { "name": "Glasses", "unicode": "EA16" },
  { "name": "DateTime2", "unicode": "EA17" },
  { "name": "Shield", "unicode": "EA18" },
  { "name": "Header1", "unicode": "EA19" },
  { "name": "PageAdd", "unicode": "EA1A" },
  { "name": "NumberedList", "unicode": "EA1C" },
  { "name": "PowerBILogo", "unicode": "EA1E" },
  { "name": "Info2", "unicode": "EA1F" },
  { "name": "MusicInCollectionFill", "unicode": "EA36" },
  { "name": "List", "unicode": "EA37" },
  { "name": "Asterisk", "unicode": "EA38" },
  { "name": "ErrorBadge", "unicode": "EA39" },
  { "name": "CircleRing", "unicode": "EA3A" },
  { "name": "CircleFill", "unicode": "EA3B" },
  { "name": "Record2", "unicode": "EA3F" },
  { "name": "AllAppsMirrored", "unicode": "EA40" },
  { "name": "BookmarksMirrored", "unicode": "EA41" },
  { "name": "BulletedListMirrored", "unicode": "EA42" },
  { "name": "CaretHollowMirrored", "unicode": "EA45" },
  { "name": "CaretSolidMirrored", "unicode": "EA46" },
  { "name": "ChromeBackMirrored", "unicode": "EA47" },
  { "name": "ClearSelectionMirrored", "unicode": "EA48" },
  { "name": "ClosePaneMirrored", "unicode": "EA49" },
  { "name": "DockLeftMirrored", "unicode": "EA4C" },
  { "name": "DoubleChevronLeftMedMirrored", "unicode": "EA4D" },
  { "name": "GoMirrored", "unicode": "EA4F" },
  { "name": "HelpMirrored", "unicode": "EA51" },
  { "name": "ImportMirrored", "unicode": "EA52" },
  { "name": "ImportAllMirrored", "unicode": "EA53" },
  { "name": "ListMirrored", "unicode": "EA55" },
  { "name": "MailForwardMirrored", "unicode": "EA56" },
  { "name": "MailReplyMirrored", "unicode": "EA57" },
  { "name": "MailReplyAllMirrored", "unicode": "EA58" },
  { "name": "MiniContractMirrored", "unicode": "EA59" },
  { "name": "MiniExpandMirrored", "unicode": "EA5A" },
  { "name": "OpenPaneMirrored", "unicode": "EA5B" },
  { "name": "ParkingLocationMirrored", "unicode": "EA5E" },
  { "name": "SendMirrored", "unicode": "EA63" },
  { "name": "ShowResultsMirrored", "unicode": "EA65" },
  { "name": "ThumbnailViewMirrored", "unicode": "EA67" },
  { "name": "Media", "unicode": "EA69" },
  { "name": "Devices3", "unicode": "EA6C" },
  { "name": "Focus", "unicode": "EA6F" },
  { "name": "VideoLightOff", "unicode": "EA74" },
  { "name": "Lightbulb", "unicode": "EA80" },
  { "name": "StatusTriangle", "unicode": "EA82" },
  { "name": "VolumeDisabled", "unicode": "EA85" },
  { "name": "Puzzle", "unicode": "EA86" },
  { "name": "EmojiNeutral", "unicode": "EA87" },
  { "name": "EmojiDisappointed", "unicode": "EA88" },
  { "name": "HomeSolid", "unicode": "EA8A" },
  { "name": "Ringer", "unicode": "EA8F" },
  { "name": "PDF", "unicode": "EA90" },
  { "name": "HeartBroken", "unicode": "EA92" },
  { "name": "StoreLogo16", "unicode": "EA96" },
  { "name": "MultiSelectMirrored", "unicode": "EA98" },
  { "name": "Broom", "unicode": "EA99" },
  { "name": "AddToShoppingList", "unicode": "EA9A" },
  { "name": "Cocktails", "unicode": "EA9D" },
  { "name": "Wines", "unicode": "EABF" },
  { "name": "Articles", "unicode": "EAC1" },
  { "name": "Cycling", "unicode": "EAC7" },
  { "name": "DietPlanNotebook", "unicode": "EAC8" },
  { "name": "Pill", "unicode": "EACB" },
  { "name": "ExerciseTracker", "unicode": "EACC" },
  { "name": "HandsFree", "unicode": "EAD0" },
  { "name": "Medical", "unicode": "EAD4" },
  { "name": "Running", "unicode": "EADA" },
  { "name": "Weights", "unicode": "EADB" },
  { "name": "Trackers", "unicode": "EADF" },
  { "name": "AddNotes", "unicode": "EAE3" },
  { "name": "AllCurrency", "unicode": "EAE4" },
  { "name": "BarChart4", "unicode": "EAE7" },
  { "name": "CirclePlus", "unicode": "EAEE" },
  { "name": "Coffee", "unicode": "EAEF" },
  { "name": "Cotton", "unicode": "EAF3" },
  { "name": "Market", "unicode": "EAFC" },
  { "name": "Money", "unicode": "EAFD" },
  { "name": "PieDouble", "unicode": "EB04" },
  { "name": "PieSingle", "unicode": "EB05" },
  { "name": "RemoveFilter", "unicode": "EB08" },
  { "name": "Savings", "unicode": "EB0B" },
  { "name": "Sell", "unicode": "EB0C" },
  { "name": "StockDown", "unicode": "EB0F" },
  { "name": "StockUp", "unicode": "EB11" },
  { "name": "Lamp", "unicode": "EB19" },
  { "name": "Source", "unicode": "EB1B" },
  { "name": "MSNVideos", "unicode": "EB1C" },
  { "name": "Cricket", "unicode": "EB1E" },
  { "name": "Golf", "unicode": "EB1F" },
  { "name": "Baseball", "unicode": "EB20" },
  { "name": "Soccer", "unicode": "EB21" },
  { "name": "MoreSports", "unicode": "EB22" },
  { "name": "AutoRacing", "unicode": "EB24" },
  { "name": "CollegeHoops", "unicode": "EB25" },
  { "name": "CollegeFootball", "unicode": "EB26" },
  { "name": "ProFootball", "unicode": "EB27" },
  { "name": "ProHockey", "unicode": "EB28" },
  { "name": "Rugby", "unicode": "EB2D" },
  { "name": "SubstitutionsIn", "unicode": "EB31" },
  { "name": "Tennis", "unicode": "EB33" },
  { "name": "Arrivals", "unicode": "EB34" },
  { "name": "Design", "unicode": "EB3C" },
  { "name": "Website", "unicode": "EB41" },
  { "name": "Drop", "unicode": "EB42" },
  { "name": "HistoricalWeather", "unicode": "EB43" },
  { "name": "SkiResorts", "unicode": "EB45" },
  { "name": "Snowflake", "unicode": "EB46" },
  { "name": "BusSolid", "unicode": "EB47" },
  { "name": "FerrySolid", "unicode": "EB48" },
  { "name": "AirplaneSolid", "unicode": "EB4C" },
  { "name": "TrainSolid", "unicode": "EB4D" },
  { "name": "Heart", "unicode": "EB51" },
  { "name": "HeartFill", "unicode": "EB52" },
  { "name": "Ticket", "unicode": "EB54" },
  { "name": "WifiWarning4", "unicode": "EB63" },
  { "name": "Devices4", "unicode": "EB66" },
  { "name": "AzureLogo", "unicode": "EB6A" },
  { "name": "BingLogo", "unicode": "EB6B" },
  { "name": "MSNLogo", "unicode": "EB6C" },
  { "name": "OutlookLogoInverse", "unicode": "EB6D" },
  { "name": "OfficeLogo", "unicode": "EB6E" },
  { "name": "SkypeLogo", "unicode": "EB6F" },
  { "name": "Door", "unicode": "EB75" },
  { "name": "EditMirrored", "unicode": "EB7E" },
  { "name": "GiftCard", "unicode": "EB8E" },
  { "name": "DoubleBookmark", "unicode": "EB8F" },
  { "name": "StatusErrorFull", "unicode": "EB90" },
  { "name": "Certificate", "unicode": "EB95" },
  { "name": "FastForward", "unicode": "EB9D" },
  { "name": "Rewind", "unicode": "EB9E" },
  { "name": "Photo2", "unicode": "EB9F" },
  { "name": "OpenSource", "unicode": "EBC2" },
  { "name": "Movers", "unicode": "EBCD" },
  { "name": "CloudDownload", "unicode": "EBD3" },
  { "name": "Family", "unicode": "EBDA" },
  { "name": "WindDirection", "unicode": "EBE6" },
  { "name": "Bug", "unicode": "EBE8" },
  { "name": "SiteScan", "unicode": "EBEC" },
  { "name": "BrowserScreenShot", "unicode": "EBED" },
  { "name": "F12DevTools", "unicode": "EBEE" },
  { "name": "CSS", "unicode": "EBEF" },
  { "name": "JS", "unicode": "EBF0" },
  { "name": "DeliveryTruck", "unicode": "EBF4" },
  { "name": "ReminderPerson", "unicode": "EBF7" },
  { "name": "ReminderGroup", "unicode": "EBF8" },
  { "name": "TabletMode", "unicode": "EBFC" },
  { "name": "Umbrella", "unicode": "EC04" },
  { "name": "NetworkTower", "unicode": "EC05" },
  { "name": "CityNext", "unicode": "EC06" },
  { "name": "CityNext2", "unicode": "EC07" },
  { "name": "Section", "unicode": "EC0C" },
  { "name": "OneNoteLogoInverse", "unicode": "EC0D" },
  { "name": "ToggleFilled", "unicode": "EC11" },
  { "name": "ToggleBorder", "unicode": "EC12" },
  { "name": "SliderThumb", "unicode": "EC13" },
  { "name": "ToggleThumb", "unicode": "EC14" },
  { "name": "Documentation", "unicode": "EC17" },
  { "name": "Badge", "unicode": "EC1B" },
  { "name": "Giftbox", "unicode": "EC1F" },
  { "name": "VisualStudioLogo", "unicode": "EC22" },
  { "name": "HomeGroup", "unicode": "EC26" },
  { "name": "ExcelLogoInverse", "unicode": "EC28" },
  { "name": "WordLogoInverse", "unicode": "EC29" },
  { "name": "PowerPointLogoInverse", "unicode": "EC2A" },
  { "name": "Cafe", "unicode": "EC32" },
  { "name": "SpeedHigh", "unicode": "EC4A" },
  { "name": "Commitments", "unicode": "EC4D" },
  { "name": "ThisPC", "unicode": "EC4E" },
  { "name": "MusicNote", "unicode": "EC4F" },
  { "name": "MicOff", "unicode": "EC54" },
  { "name": "PlaybackRate1x", "unicode": "EC57" },
  { "name": "EdgeLogo", "unicode": "EC60" },
  { "name": "CompletedSolid", "unicode": "EC61" },
  { "name": "AlbumRemove", "unicode": "EC62" },
  { "name": "MessageFill", "unicode": "EC70" },
  { "name": "TabletSelected", "unicode": "EC74" },
  { "name": "MobileSelected", "unicode": "EC75" },
  { "name": "LaptopSelected", "unicode": "EC76" },
  { "name": "TVMonitorSelected", "unicode": "EC77" },
  { "name": "DeveloperTools", "unicode": "EC7A" },
  { "name": "Shapes", "unicode": "EC7C" },
  { "name": "InsertTextBox", "unicode": "EC7D" },
  { "name": "LowerBrightness", "unicode": "EC8A" },
  { "name": "WebComponents", "unicode": "EC8B" },
  { "name": "OfflineStorage", "unicode": "EC8C" },
  { "name": "DOM", "unicode": "EC8D" },
  { "name": "CloudUpload", "unicode": "EC8E" },
  { "name": "ScrollUpDown", "unicode": "EC8F" },
  { "name": "DateTime", "unicode": "EC92" },
  { "name": "Event", "unicode": "ECA3" },
  { "name": "Cake", "unicode": "ECA4" },
  { "name": "Tiles", "unicode": "ECA5" },
  { "name": "Org", "unicode": "ECA6" },
  { "name": "PartyLeader", "unicode": "ECA7" },
  { "name": "DRM", "unicode": "ECA8" },
  { "name": "CloudAdd", "unicode": "ECA9" },
  { "name": "AppIconDefault", "unicode": "ECAA" },
  { "name": "Photo2Add", "unicode": "ECAB" },
  { "name": "Photo2Remove", "unicode": "ECAC" },
  { "name": "Calories", "unicode": "ECAD" },
  { "name": "POI", "unicode": "ECAF" },
  { "name": "AddTo", "unicode": "ECC8" },
  { "name": "RadioBtnOff", "unicode": "ECCA" },
  { "name": "RadioBtnOn", "unicode": "ECCB" },
  { "name": "ExploreContent", "unicode": "ECCD" },
  { "name": "Embed", "unicode": "ECCE" },
  { "name": "Product", "unicode": "ECDC" },
  { "name": "ProgressLoopInner", "unicode": "ECDE" },
  { "name": "ProgressLoopOuter", "unicode": "ECDF" },
  { "name": "Blocked2", "unicode": "ECE4" },
  { "name": "FangBody", "unicode": "ECEB" },
  { "name": "PageHeader", "unicode": "ECEE" },
  { "name": "Glimmer", "unicode": "ECF4" },
  { "name": "ChatInviteFriend", "unicode": "ECFE" },
  { "name": "Brush", "unicode": "ECFF" },
  { "name": "Shirt", "unicode": "ED00" },
  { "name": "Crown", "unicode": "ED01" },
  { "name": "Diamond", "unicode": "ED02" },
  { "name": "ScaleUp", "unicode": "ED09" },
  { "name": "QRCode", "unicode": "ED14" },
  { "name": "Feedback", "unicode": "ED15" },
  { "name": "SharepointLogoInverse", "unicode": "ED18" },
  { "name": "YammerLogo", "unicode": "ED19" },
  { "name": "Hide", "unicode": "ED1A" },
  { "name": "Uneditable", "unicode": "ED1D" },
  { "name": "ReturnToSession", "unicode": "ED24" },
  { "name": "OpenFolderHorizontal", "unicode": "ED25" },
  { "name": "CalendarMirrored", "unicode": "ED28" },
  { "name": "SwayLogoInverse", "unicode": "ED29" },
  { "name": "OutOfOffice", "unicode": "ED34" },
  { "name": "Trophy", "unicode": "ED3F" },
  { "name": "ReopenPages", "unicode": "ED50" },
  { "name": "EmojiTabSymbols", "unicode": "ED58" },
  { "name": "AADLogo", "unicode": "ED68" },
  { "name": "AccessLogo", "unicode": "ED69" },
  { "name": "AdminALogoInverse32", "unicode": "ED6A" },
  { "name": "AdminCLogoInverse32", "unicode": "ED6B" },
  { "name": "AdminDLogoInverse32", "unicode": "ED6C" },
  { "name": "AdminELogoInverse32", "unicode": "ED6D" },
  { "name": "AdminLLogoInverse32", "unicode": "ED6E" },
  { "name": "AdminMLogoInverse32", "unicode": "ED6F" },
  { "name": "AdminOLogoInverse32", "unicode": "ED70" },
  { "name": "AdminPLogoInverse32", "unicode": "ED71" },
  { "name": "AdminSLogoInverse32", "unicode": "ED72" },
  { "name": "AdminYLogoInverse32", "unicode": "ED73" },
  { "name": "DelveLogoInverse", "unicode": "ED76" },
  { "name": "ExchangeLogoInverse", "unicode": "ED78" },
  { "name": "LyncLogo", "unicode": "ED79" },
  { "name": "OfficeVideoLogoInverse", "unicode": "ED7A" },
  { "name": "SocialListeningLogo", "unicode": "ED7C" },
  { "name": "VisioLogoInverse", "unicode": "ED7D" },
  { "name": "Balloons", "unicode": "ED7E" },
  { "name": "Cat", "unicode": "ED7F" },
  { "name": "MailAlert", "unicode": "ED80" },
  { "name": "MailCheck", "unicode": "ED81" },
  { "name": "MailLowImportance", "unicode": "ED82" },
  { "name": "MailPause", "unicode": "ED83" },
  { "name": "MailRepeat", "unicode": "ED84" },
  { "name": "SecurityGroup", "unicode": "ED85" },
  { "name": "Table", "unicode": "ED86" },
  { "name": "VoicemailForward", "unicode": "ED87" },
  { "name": "VoicemailReply", "unicode": "ED88" },
  { "name": "Waffle", "unicode": "ED89" },
  { "name": "RemoveEvent", "unicode": "ED8A" },
  { "name": "EventInfo", "unicode": "ED8B" },
  { "name": "ForwardEvent", "unicode": "ED8C" },
  { "name": "WipePhone", "unicode": "ED8D" },
  { "name": "AddOnlineMeeting", "unicode": "ED8E" },
  { "name": "JoinOnlineMeeting", "unicode": "ED8F" },
  { "name": "RemoveLink", "unicode": "ED90" },
  { "name": "PeopleBlock", "unicode": "ED91" },
  { "name": "PeopleRepeat", "unicode": "ED92" },
  { "name": "PeopleAlert", "unicode": "ED93" },
  { "name": "PeoplePause", "unicode": "ED94" },
  { "name": "TransferCall", "unicode": "ED95" },
  { "name": "AddPhone", "unicode": "ED96" },
  { "name": "UnknownCall", "unicode": "ED97" },
  { "name": "NoteReply", "unicode": "ED98" },
  { "name": "NoteForward", "unicode": "ED99" },
  { "name": "NotePinned", "unicode": "ED9A" },
  { "name": "RemoveOccurrence", "unicode": "ED9B" },
  { "name": "Timeline", "unicode": "ED9C" },
  { "name": "EditNote", "unicode": "ED9D" },
  { "name": "CircleHalfFull", "unicode": "ED9E" },
  { "name": "Room", "unicode": "ED9F" },
  { "name": "Unsubscribe", "unicode": "EDA0" },
  { "name": "Subscribe", "unicode": "EDA1" },
  { "name": "HardDrive", "unicode": "EDA2" },
  { "name": "RecurringTask", "unicode": "EDB2" },
  { "name": "TaskManager", "unicode": "EDB7" },
  { "name": "TaskManagerMirrored", "unicode": "EDB8" },
  { "name": "Combine", "unicode": "EDBB" },
  { "name": "Split", "unicode": "EDBC" },
  { "name": "DoubleChevronUp", "unicode": "EDBD" },
  { "name": "DoubleChevronLeft", "unicode": "EDBE" },
  { "name": "DoubleChevronRight", "unicode": "EDBF" },
  { "name": "Ascending", "unicode": "EDC0" },
  { "name": "Descending", "unicode": "EDC1" },
  { "name": "TextBox", "unicode": "EDC2" },
  { "name": "TextField", "unicode": "EDC3" },
  { "name": "NumberField", "unicode": "EDC4" },
  { "name": "Dropdown", "unicode": "EDC5" },
  { "name": "PenWorkspace", "unicode": "EDC6" },
  { "name": "BookingsLogo", "unicode": "EDC7" },
  { "name": "ClassNotebookLogoInverse", "unicode": "EDC8" },
  { "name": "DelveAnalyticsLogo", "unicode": "EDCA" },
  { "name": "DocsLogoInverse", "unicode": "EDCB" },
  { "name": "Dynamics365Logo", "unicode": "EDCC" },
  { "name": "DynamicSMBLogo", "unicode": "EDCD" },
  { "name": "OfficeAssistantLogo", "unicode": "EDCE" },
  { "name": "OfficeStoreLogo", "unicode": "EDCF" },
  { "name": "OneNoteEduLogoInverse", "unicode": "EDD0" },
  { "name": "PlannerLogo", "unicode": "EDD1" },
  { "name": "PowerApps", "unicode": "EDD2" },
  { "name": "Suitcase", "unicode": "EDD3" },
  { "name": "ProjectLogoInverse", "unicode": "EDD4" },
  { "name": "CaretLeft8", "unicode": "EDD5" },
  { "name": "CaretRight8", "unicode": "EDD6" },
  { "name": "CaretUp8", "unicode": "EDD7" },
  { "name": "CaretDown8", "unicode": "EDD8" },
  { "name": "CaretLeftSolid8", "unicode": "EDD9" },
  { "name": "CaretRightSolid8", "unicode": "EDDA" },
  { "name": "CaretUpSolid8", "unicode": "EDDB" },
  { "name": "CaretDownSolid8", "unicode": "EDDC" },
  { "name": "ClearFormatting", "unicode": "EDDD" },
  { "name": "Superscript", "unicode": "EDDE" },
  { "name": "Subscript", "unicode": "EDDF" },
  { "name": "Strikethrough", "unicode": "EDE0" },
  { "name": "Export", "unicode": "EDE1" },
  { "name": "ExportMirrored", "unicode": "EDE2" },
  { "name": "SingleBookmark", "unicode": "EDFF" },
  { "name": "SingleBookmarkSolid", "unicode": "EE00" },
  { "name": "DoubleChevronDown", "unicode": "EE04" },
  { "name": "FollowUser", "unicode": "EE05" },
  { "name": "ReplyAll", "unicode": "EE0A" },
  { "name": "WorkforceManagement", "unicode": "EE0F" },
  { "name": "RecruitmentManagement", "unicode": "EE12" },
  { "name": "Questionnaire", "unicode": "EE19" },
  { "name": "ManagerSelfService", "unicode": "EE23" },
  { "name": "ProductRelease", "unicode": "EE2E" },
  { "name": "ReplyMirrored", "unicode": "EE35" },
  { "name": "ReplyAllMirrored", "unicode": "EE36" },
  { "name": "Medal", "unicode": "EE38" },
  { "name": "AddGroup", "unicode": "EE3D" },
  { "name": "QuestionnaireMirrored", "unicode": "EE4B" },
  { "name": "CloudImportExport", "unicode": "EE55" },
  { "name": "TemporaryUser", "unicode": "EE58" },
  { "name": "CaretSolid16", "unicode": "EE62" },
  { "name": "GroupedDescending", "unicode": "EE66" },
  { "name": "GroupedAscending", "unicode": "EE67" },
  { "name": "SortUp", "unicode": "EE68" },
  { "name": "SortDown", "unicode": "EE69" },
  { "name": "AwayStatus", "unicode": "EE6A" },
  { "name": "MyMoviesTV", "unicode": "EE6C" },
  { "name": "SyncToPC", "unicode": "EE6E" },
  { "name": "GenericScan", "unicode": "EE6F" },
  { "name": "AustralianRules", "unicode": "EE70" },
  { "name": "WifiEthernet", "unicode": "EE77" },
  { "name": "TrackersMirrored", "unicode": "EE92" },
  { "name": "DateTimeMirrored", "unicode": "EE93" },
  { "name": "StopSolid", "unicode": "EE95" },
  { "name": "DoubleChevronUp12", "unicode": "EE96" },
  { "name": "DoubleChevronDown12", "unicode": "EE97" },
  { "name": "DoubleChevronLeft12", "unicode": "EE98" },
  { "name": "DoubleChevronRight12", "unicode": "EE99" },
  { "name": "CalendarAgenda", "unicode": "EE9A" },
  { "name": "ConnectVirtualMachine", "unicode": "EE9D" },
  { "name": "AddEvent", "unicode": "EEB5" },
  { "name": "AssetLibrary", "unicode": "EEB6" },
  { "name": "DataConnectionLibrary", "unicode": "EEB7" },
  { "name": "DocLibrary", "unicode": "EEB8" },
  { "name": "FormLibrary", "unicode": "EEB9" },
  { "name": "FormLibraryMirrored", "unicode": "EEBA" },
  { "name": "ReportLibrary", "unicode": "EEBB" },
  { "name": "ReportLibraryMirrored", "unicode": "EEBC" },
  { "name": "ContactCard", "unicode": "EEBD" },
  { "name": "CustomList", "unicode": "EEBE" },
  { "name": "CustomListMirrored", "unicode": "EEBF" },
  { "name": "IssueTracking", "unicode": "EEC0" },
  { "name": "IssueTrackingMirrored", "unicode": "EEC1" },
  { "name": "PictureLibrary", "unicode": "EEC2" },
  { "name": "OfficeAddinsLogo", "unicode": "EEC7" },
  { "name": "OfflineOneDriveParachute", "unicode": "EEC8" },
  { "name": "OfflineOneDriveParachuteDisabled", "unicode": "EEC9" },
  { "name": "LargeGrid", "unicode": "EECB" },
  { "name": "TriangleSolidUp12", "unicode": "EECC" },
  { "name": "TriangleSolidDown12", "unicode": "EECD" },
  { "name": "TriangleSolidLeft12", "unicode": "EECE" },
  { "name": "TriangleSolidRight12", "unicode": "EECF" },
  { "name": "TriangleUp12", "unicode": "EED0" },
  { "name": "TriangleDown12", "unicode": "EED1" },
  { "name": "TriangleLeft12", "unicode": "EED2" },
  { "name": "TriangleRight12", "unicode": "EED3" },
  { "name": "ArrowUpRight8", "unicode": "EED4" },
  { "name": "ArrowDownRight8", "unicode": "EED5" },
  { "name": "DocumentSet", "unicode": "EED6" },
  { "name": "DelveAnalytics", "unicode": "EEEE" },
  { "name": "ArrowUpRightMirrored8", "unicode": "EEEF" },
  { "name": "ArrowDownRightMirrored8", "unicode": "EEF0" },
  { "name": "CompanyDirectory", "unicode": "EF0D" },
  { "name": "OpenEnrollment", "unicode": "EF1C" },
  { "name": "CompanyDirectoryMirrored", "unicode": "EF2B" },
  { "name": "OneDriveAdd", "unicode": "EF32" },
  { "name": "ProfileSearch", "unicode": "EF35" },
  { "name": "Header2", "unicode": "EF36" },
  { "name": "Header3", "unicode": "EF37" },
  { "name": "Header4", "unicode": "EF38" },
  { "name": "RingerSolid", "unicode": "EF3A" },
  { "name": "Eyedropper", "unicode": "EF3C" },
  { "name": "MarketDown", "unicode": "EF42" },
  { "name": "CalendarWorkWeek", "unicode": "EF51" },
  { "name": "SidePanel", "unicode": "EF52" },
  { "name": "GlobeFavorite", "unicode": "EF53" },
  { "name": "CaretTopLeftSolid8", "unicode": "EF54" },
  { "name": "CaretTopRightSolid8", "unicode": "EF55" },
  { "name": "ViewAll2", "unicode": "EF56" },
  { "name": "DocumentReply", "unicode": "EF57" },
  { "name": "PlayerSettings", "unicode": "EF58" },
  { "name": "ReceiptForward", "unicode": "EF59" },
  { "name": "ReceiptReply", "unicode": "EF5A" },
  { "name": "ReceiptCheck", "unicode": "EF5B" },
  { "name": "Fax", "unicode": "EF5C" },
  { "name": "RecurringEvent", "unicode": "EF5D" },
  { "name": "ReplyAlt", "unicode": "EF5E" },
  { "name": "ReplyAllAlt", "unicode": "EF5F" },
  { "name": "EditStyle", "unicode": "EF60" },
  { "name": "EditMail", "unicode": "EF61" },
  { "name": "Lifesaver", "unicode": "EF62" },
  { "name": "LifesaverLock", "unicode": "EF63" },
  { "name": "InboxCheck", "unicode": "EF64" },
  { "name": "FolderSearch", "unicode": "EF65" },
  { "name": "CollapseMenu", "unicode": "EF66" },
  { "name": "ExpandMenu", "unicode": "EF67" },
  { "name": "Boards", "unicode": "EF68" },
  { "name": "SunAdd", "unicode": "EF69" },
  { "name": "SunQuestionMark", "unicode": "EF6A" },
  { "name": "LandscapeOrientation", "unicode": "EF6B" },
  { "name": "DocumentSearch", "unicode": "EF6C" },
  { "name": "PublicCalendar", "unicode": "EF6D" },
  { "name": "PublicContactCard", "unicode": "EF6E" },
  { "name": "PublicEmail", "unicode": "EF6F" },
  { "name": "PublicFolder", "unicode": "EF70" },
  { "name": "WordDocument", "unicode": "EF71" },
  { "name": "PowerPointDocument", "unicode": "EF72" },
  { "name": "ExcelDocument", "unicode": "EF73" },
  { "name": "GroupedList", "unicode": "EF74" },
  { "name": "ClassroomLogo", "unicode": "EF75" },
  { "name": "Sections", "unicode": "EF76" },
  { "name": "EditPhoto", "unicode": "EF77" },
  { "name": "Starburst", "unicode": "EF78" },
  { "name": "ShareiOS", "unicode": "EF79" },
  { "name": "AirTickets", "unicode": "EF7A" },
  { "name": "PencilReply", "unicode": "EF7B" },
  { "name": "Tiles2", "unicode": "EF7C" },
  { "name": "SkypeCircleCheck", "unicode": "EF7D" },
  { "name": "SkypeCircleClock", "unicode": "EF7E" },
  { "name": "SkypeCircleMinus", "unicode": "EF7F" },
  { "name": "SkypeCheck", "unicode": "EF80" },
  { "name": "SkypeClock", "unicode": "EF81" },
  { "name": "SkypeMinus", "unicode": "EF82" },
  { "name": "SkypeMessage", "unicode": "EF83" },
  { "name": "ClosedCaption", "unicode": "EF84" },
  { "name": "ATPLogo", "unicode": "EF85" },
  { "name": "OfficeFormsLogoInverse", "unicode": "EF86" },
  { "name": "RecycleBin", "unicode": "EF87" },
  { "name": "EmptyRecycleBin", "unicode": "EF88" },
  { "name": "Hide2", "unicode": "EF89" },
  { "name": "Breadcrumb", "unicode": "EF8C" },
  { "name": "BirthdayCake", "unicode": "EF8D" },
  { "name": "ClearFilter", "unicode": "EF8F" },
  { "name": "Flow", "unicode": "EF90" },
  { "name": "TimeEntry", "unicode": "EF95" },
  { "name": "CRMProcesses", "unicode": "EFB1" },
  { "name": "PageEdit", "unicode": "EFB6" },
  { "name": "PageArrowRight", "unicode": "EFB8" },
  { "name": "PageRemove", "unicode": "EFBA" },
  { "name": "Database", "unicode": "EFC7" },
  { "name": "DataManagementSettings", "unicode": "EFC8" },
  { "name": "CRMServices", "unicode": "EFD2" },
  { "name": "EditContact", "unicode": "EFD3" },
  { "name": "ConnectContacts", "unicode": "EFD4" },
  { "name": "AppIconDefaultAdd", "unicode": "EFDA" },
  { "name": "AppIconDefaultList", "unicode": "EFDE" },
  { "name": "ActivateOrders", "unicode": "EFE0" },
  { "name": "DeactivateOrders", "unicode": "EFE1" },
  { "name": "ScatterChart", "unicode": "EFEB" },
  { "name": "DocumentManagement", "unicode": "EFFC" },
  { "name": "CRMReport", "unicode": "EFFE" },
  { "name": "KnowledgeArticle", "unicode": "F000" },
  { "name": "Relationship", "unicode": "F003" },
  { "name": "HomeVerify", "unicode": "F00E" },
  { "name": "ZipFolder", "unicode": "F012" },
  { "name": "SurveyQuestions", "unicode": "F01B" },
  { "name": "TextDocument", "unicode": "F029" },
  { "name": "TextDocumentShared", "unicode": "F02B" },
  { "name": "PageCheckedOut", "unicode": "F02C" },
  { "name": "SaveAndClose", "unicode": "F038" },
  { "name": "Script", "unicode": "F03A" },
  { "name": "Archive", "unicode": "F03F" },
  { "name": "ActivityFeed", "unicode": "F056" },
  { "name": "Compare", "unicode": "F057" },
  { "name": "EventDate", "unicode": "F059" },
  { "name": "ArrowUpRight", "unicode": "F069" },
  { "name": "CaretRight", "unicode": "F06B" },
  { "name": "SetAction", "unicode": "F071" },
  { "name": "CaretSolidLeft", "unicode": "F08D" },
  { "name": "CaretSolidDown", "unicode": "F08E" },
  { "name": "CaretSolidRight", "unicode": "F08F" },
  { "name": "CaretSolidUp", "unicode": "F090" },
  { "name": "PowerAppsLogo", "unicode": "F091" },
  { "name": "PowerApps2Logo", "unicode": "F092" },
  { "name": "SearchIssue", "unicode": "F09A" },
  { "name": "SearchIssueMirrored", "unicode": "F09B" },
  { "name": "FabricAssetLibrary", "unicode": "F09C" },
  { "name": "FabricDataConnectionLibrary", "unicode": "F09D" },
  { "name": "FabricDocLibrary", "unicode": "F09E" },
  { "name": "FabricFormLibrary", "unicode": "F09F" },
  { "name": "FabricFormLibraryMirrored", "unicode": "F0A0" },
  { "name": "FabricReportLibrary", "unicode": "F0A1" },
  { "name": "FabricReportLibraryMirrored", "unicode": "F0A2" },
  { "name": "FabricPublicFolder", "unicode": "F0A3" },
  { "name": "FabricFolderSearch", "unicode": "F0A4" },
  { "name": "FabricMovetoFolder", "unicode": "F0A5" },
  { "name": "FabricUnsyncFolder", "unicode": "F0A6" },
  { "name": "FabricSyncFolder", "unicode": "F0A7" },
  { "name": "FabricOpenFolderHorizontal", "unicode": "F0A8" },
  { "name": "FabricFolder", "unicode": "F0A9" },
  { "name": "FabricFolderFill", "unicode": "F0AA" },
  { "name": "FabricNewFolder", "unicode": "F0AB" },
  { "name": "FabricPictureLibrary", "unicode": "F0AC" },
  { "name": "AddFavorite", "unicode": "F0C8" },
  { "name": "AddFavoriteFill", "unicode": "F0C9" },
  { "name": "BufferTimeBefore", "unicode": "F0CF" },
  { "name": "BufferTimeAfter", "unicode": "F0D0" },
  { "name": "BufferTimeBoth", "unicode": "F0D1" },
  { "name": "PublishContent", "unicode": "F0D4" },
  { "name": "ClipboardList", "unicode": "F0E3" },
  { "name": "ClipboardListMirrored", "unicode": "F0E4" },
  { "name": "CannedChat", "unicode": "F0F2" },
  { "name": "SkypeForBusinessLogo", "unicode": "F0FC" },
  { "name": "TabCenter", "unicode": "F100" },
  { "name": "PageCheckedin", "unicode": "F104" },
  { "name": "PageList", "unicode": "F106" },
  { "name": "ReadOutLoud", "unicode": "F112" },
  { "name": "CaretBottomLeftSolid8", "unicode": "F121" },
  { "name": "CaretBottomRightSolid8", "unicode": "F122" },
  { "name": "FolderHorizontal", "unicode": "F12B" },
  { "name": "MicrosoftStaffhubLogo", "unicode": "F130" },
  { "name": "GiftboxOpen", "unicode": "F133" },
  { "name": "StatusCircleOuter", "unicode": "F136" },
  { "name": "StatusCircleInner", "unicode": "F137" },
  { "name": "StatusCircleRing", "unicode": "F138" },
  { "name": "StatusTriangleOuter", "unicode": "F139" },
  { "name": "StatusTriangleInner", "unicode": "F13A" },
  { "name": "StatusTriangleExclamation", "unicode": "F13B" },
  { "name": "StatusCircleExclamation", "unicode": "F13C" },
  { "name": "StatusCircleErrorX", "unicode": "F13D" },
  { "name": "StatusCircleCheckmark", "unicode": "F13E" },
  { "name": "StatusCircleInfo", "unicode": "F13F" },
  { "name": "StatusCircleBlock", "unicode": "F140" },
  { "name": "StatusCircleBlock2", "unicode": "F141" },
  { "name": "StatusCircleQuestionMark", "unicode": "F142" },
  { "name": "StatusCircleSync", "unicode": "F143" },
  { "name": "Toll", "unicode": "F160" },
  { "name": "ExploreContentSingle", "unicode": "F164" },
  { "name": "CollapseContent", "unicode": "F165" },
  { "name": "CollapseContentSingle", "unicode": "F166" },
  { "name": "InfoSolid", "unicode": "F167" },
  { "name": "GroupList", "unicode": "F168" },
  { "name": "ProgressRingDots", "unicode": "F16A" },
  { "name": "CaloriesAdd", "unicode": "F172" },
  { "name": "BranchFork", "unicode": "F173" },
  { "name": "AddHome", "unicode": "F17B" },
  { "name": "AddWork", "unicode": "F17C" },
  { "name": "MobileReport", "unicode": "F18A" },
  { "name": "ScaleVolume", "unicode": "F18C" },
  { "name": "HardDriveGroup", "unicode": "F18F" },
  { "name": "FastMode", "unicode": "F19A" },
  { "name": "ToggleLeft", "unicode": "F19E" },
  { "name": "ToggleRight", "unicode": "F19F" },
  { "name": "TriangleShape", "unicode": "F1A7" },
  { "name": "RectangleShape", "unicode": "F1A9" },
  { "name": "CubeShape", "unicode": "F1AA" },
  { "name": "Trophy2", "unicode": "F1AE" },
  { "name": "BucketColor", "unicode": "F1B6" },
  { "name": "BucketColorFill", "unicode": "F1B7" },
  { "name": "Taskboard", "unicode": "F1C2" },
  { "name": "SingleColumn", "unicode": "F1D3" },
  { "name": "DoubleColumn", "unicode": "F1D4" },
  { "name": "TripleColumn", "unicode": "F1D5" },
  { "name": "ColumnLeftTwoThirds", "unicode": "F1D6" },
  { "name": "ColumnRightTwoThirds", "unicode": "F1D7" },
  { "name": "AccessLogoFill", "unicode": "F1DB" },
  { "name": "AnalyticsLogo", "unicode": "F1DE" },
  { "name": "AnalyticsQuery", "unicode": "F1DF" },
  { "name": "NewAnalyticsQuery", "unicode": "F1E0" },
  { "name": "AnalyticsReport", "unicode": "F1E1" },
  { "name": "WordLogo", "unicode": "F1E3" },
  { "name": "WordLogoFill", "unicode": "F1E4" },
  { "name": "ExcelLogo", "unicode": "F1E5" },
  { "name": "ExcelLogoFill", "unicode": "F1E6" },
  { "name": "OneNoteLogo", "unicode": "F1E7" },
  { "name": "OneNoteLogoFill", "unicode": "F1E8" },
  { "name": "OutlookLogo", "unicode": "F1E9" },
  { "name": "OutlookLogoFill", "unicode": "F1EA" },
  { "name": "PowerPointLogo", "unicode": "F1EB" },
  { "name": "PowerPointLogoFill", "unicode": "F1EC" },
  { "name": "PublisherLogo", "unicode": "F1ED" },
  { "name": "PublisherLogoFill", "unicode": "F1EE" },
  { "name": "ScheduleEventAction", "unicode": "F1EF" },
  { "name": "FlameSolid", "unicode": "F1F3" },
  { "name": "ServerProcesses", "unicode": "F1FE" },
  { "name": "Server", "unicode": "F201" },
  { "name": "SaveAll", "unicode": "F203" },
  { "name": "LinkedInLogo", "unicode": "F20A" },
  { "name": "Decimals", "unicode": "F218" },
  { "name": "SidePanelMirrored", "unicode": "F221" },
  { "name": "ProtectRestrict", "unicode": "F22A" },
  { "name": "Blog", "unicode": "F22B" },
  { "name": "UnknownMirrored", "unicode": "F22E" },
  { "name": "PublicContactCardMirrored", "unicode": "F230" },
  { "name": "GridViewSmall", "unicode": "F232" },
  { "name": "GridViewMedium", "unicode": "F233" },
  { "name": "GridViewLarge", "unicode": "F234" },
  { "name": "Step", "unicode": "F241" },
  { "name": "StepInsert", "unicode": "F242" },
  { "name": "StepShared", "unicode": "F243" },
  { "name": "StepSharedAdd", "unicode": "F244" },
  { "name": "StepSharedInsert", "unicode": "F245" },
  { "name": "ViewDashboard", "unicode": "F246" },
  { "name": "ViewList", "unicode": "F247" },
  { "name": "ViewListGroup", "unicode": "F248" },
  { "name": "ViewListTree", "unicode": "F249" },
  { "name": "TriggerAuto", "unicode": "F24A" },
  { "name": "TriggerUser", "unicode": "F24B" },
  { "name": "PivotChart", "unicode": "F24C" },
  { "name": "StackedBarChart", "unicode": "F24D" },
  { "name": "StackedLineChart", "unicode": "F24E" },
  { "name": "BuildQueue", "unicode": "F24F" },
  { "name": "BuildQueueNew", "unicode": "F250" },
  { "name": "UserFollowed", "unicode": "F25C" },
  { "name": "ContactLink", "unicode": "F25F" },
  { "name": "Stack", "unicode": "F26F" },
  { "name": "Bullseye", "unicode": "F272" },
  { "name": "VennDiagram", "unicode": "F273" },
  { "name": "FiveTileGrid", "unicode": "F274" },
  { "name": "FocalPoint", "unicode": "F277" },
  { "name": "RingerRemove", "unicode": "F279" },
  { "name": "TeamsLogoInverse", "unicode": "F27A" },
  { "name": "TeamsLogo", "unicode": "F27B" },
  { "name": "TeamsLogoFill", "unicode": "F27C" },
  { "name": "SkypeForBusinessLogoFill", "unicode": "F27D" },
  { "name": "SharepointLogo", "unicode": "F27E" },
  { "name": "SharepointLogoFill", "unicode": "F27F" },
  { "name": "DelveLogo", "unicode": "F280" },
  { "name": "DelveLogoFill", "unicode": "F281" },
  { "name": "OfficeVideoLogo", "unicode": "F282" },
  { "name": "OfficeVideoLogoFill", "unicode": "F283" },
  { "name": "ExchangeLogo", "unicode": "F284" },
  { "name": "ExchangeLogoFill", "unicode": "F285" },
  { "name": "Signin", "unicode": "F286" },
  { "name": "DocumentApproval", "unicode": "F28B" },
  { "name": "CloneToDesktop", "unicode": "F28C" },
  { "name": "InstallToDrive", "unicode": "F28D" },
  { "name": "Blur", "unicode": "F28E" },
  { "name": "Build", "unicode": "F28F" },
  { "name": "ProcessMetaTask", "unicode": "F290" },
  { "name": "BranchFork2", "unicode": "F291" },
  { "name": "BranchLocked", "unicode": "F292" },
  { "name": "BranchCommit", "unicode": "F293" },
  { "name": "BranchCompare", "unicode": "F294" },
  { "name": "BranchMerge", "unicode": "F295" },
  { "name": "BranchPullRequest", "unicode": "F296" },
  { "name": "BranchSearch", "unicode": "F297" },
  { "name": "BranchShelveset", "unicode": "F298" },
  { "name": "RawSource", "unicode": "F299" },
  { "name": "MergeDuplicate", "unicode": "F29A" },
  { "name": "RowsGroup", "unicode": "F29B" },
  { "name": "RowsChild", "unicode": "F29C" },
  { "name": "Deploy", "unicode": "F29D" },
  { "name": "Redeploy", "unicode": "F29E" },
  { "name": "ServerEnviroment", "unicode": "F29F" },
  { "name": "VisioDiagram", "unicode": "F2A0" },
  { "name": "HighlightMappedShapes", "unicode": "F2A1" },
  { "name": "TextCallout", "unicode": "F2A2" },
  { "name": "IconSetsFlag", "unicode": "F2A4" },
  { "name": "VisioLogo", "unicode": "F2A7" },
  { "name": "VisioLogoFill", "unicode": "F2A8" },
  { "name": "VisioDocument", "unicode": "F2A9" },
  { "name": "TimelineProgress", "unicode": "F2AA" },
  { "name": "TimelineDelivery", "unicode": "F2AB" },
  { "name": "Backlog", "unicode": "F2AC" },
  { "name": "TeamFavorite", "unicode": "F2AD" },
  { "name": "TaskGroup", "unicode": "F2AE" },
  { "name": "TaskGroupMirrored", "unicode": "F2AF" },
  { "name": "ScopeTemplate", "unicode": "F2B0" },
  { "name": "AssessmentGroupTemplate", "unicode": "F2B1" },
  { "name": "NewTeamProject", "unicode": "F2B2" },
  { "name": "CommentAdd", "unicode": "F2B3" },
  { "name": "CommentNext", "unicode": "F2B4" },
  { "name": "CommentPrevious", "unicode": "F2B5" },
  { "name": "ShopServer", "unicode": "F2B6" },
  { "name": "LocaleLanguage", "unicode": "F2B7" },
  { "name": "QueryList", "unicode": "F2B8" },
  { "name": "UserSync", "unicode": "F2B9" },
  { "name": "UserPause", "unicode": "F2BA" },
  { "name": "StreamingOff", "unicode": "F2BB" },
  { "name": "MoreVertical", "unicode": "F2BC" },
  { "name": "ArrowTallUpLeft", "unicode": "F2BD" },
  { "name": "ArrowTallUpRight", "unicode": "F2BE" },
  { "name": "ArrowTallDownLeft", "unicode": "F2BF" },
  { "name": "ArrowTallDownRight", "unicode": "F2C0" },
  { "name": "FieldEmpty", "unicode": "F2C1" },
  { "name": "FieldFilled", "unicode": "F2C2" },
  { "name": "FieldChanged", "unicode": "F2C3" },
  { "name": "FieldNotChanged", "unicode": "F2C4" },
  { "name": "RingerOff", "unicode": "F2C5" },
  { "name": "PlayResume", "unicode": "F2C6" },
  { "name": "BulletedList2", "unicode": "F2C7" },
  { "name": "BulletedList2Mirrored", "unicode": "F2C8" },
  { "name": "ImageCrosshair", "unicode": "F2C9" },
  { "name": "GitGraph", "unicode": "F2CA" },
  { "name": "Repo", "unicode": "F2CB" },
  { "name": "RepoSolid", "unicode": "F2CC" },
  { "name": "FolderQuery", "unicode": "F2CD" },
  { "name": "FolderList", "unicode": "F2CE" },
  { "name": "FolderListMirrored", "unicode": "F2CF" },
  { "name": "LocationOutline", "unicode": "F2D0" },
  { "name": "POISolid", "unicode": "F2D1" },
  { "name": "CalculatorNotEqualTo", "unicode": "F2D2" },
  { "name": "BoxSubtractSolid", "unicode": "F2D3" },
  { "name": "BoxAdditionSolid", "unicode": "F2D4" },
  { "name": "BoxMultiplySolid", "unicode": "F2D5" },
  { "name": "BoxPlaySolid", "unicode": "F2D6" },
  { "name": "BoxCheckmarkSolid", "unicode": "F2D7" },
  { "name": "CirclePauseSolid", "unicode": "F2D8" },
  { "name": "CirclePause", "unicode": "F2D9" },
  { "name": "MSNVideosSolid", "unicode": "F2DA" },
  { "name": "CircleStopSolid", "unicode": "F2DB" },
  { "name": "CircleStop", "unicode": "F2DC" },
  { "name": "NavigateBack", "unicode": "F2DD" },
  { "name": "NavigateBackMirrored", "unicode": "F2DE" },
  { "name": "NavigateForward", "unicode": "F2DF" },
  { "name": "NavigateForwardMirrored", "unicode": "F2E0" },
  { "name": "UnknownSolid", "unicode": "F2E1" },
  { "name": "UnknownMirroredSolid", "unicode": "F2E2" },
  { "name": "CircleAddition", "unicode": "F2E3" },
  { "name": "CircleAdditionSolid", "unicode": "F2E4" },
  { "name": "FilePDB", "unicode": "F2E5" },
  { "name": "FileTemplate", "unicode": "F2E6" },
  { "name": "FileSQL", "unicode": "F2E7" },
  { "name": "FileJAVA", "unicode": "F2E8" },
  { "name": "FileASPX", "unicode": "F2E9" },
  { "name": "FileCSS", "unicode": "F2EA" },
  { "name": "FileSass", "unicode": "F2EB" },
  { "name": "FileLess", "unicode": "F2EC" },
  { "name": "FileHTML", "unicode": "F2ED" },
  { "name": "JavaScriptLanguage", "unicode": "F2EE" },
  { "name": "CSharpLanguage", "unicode": "F2EF" },
  { "name": "CSharp", "unicode": "F2F0" },
  { "name": "VisualBasicLanguage", "unicode": "F2F1" },
  { "name": "VB", "unicode": "F2F2" },
  { "name": "CPlusPlusLanguage", "unicode": "F2F3" },
  { "name": "CPlusPlus", "unicode": "F2F4" },
  { "name": "FSharpLanguage", "unicode": "F2F5" },
  { "name": "FSharp", "unicode": "F2F6" },
  { "name": "TypeScriptLanguage", "unicode": "F2F7" },
  { "name": "PythonLanguage", "unicode": "F2F8" },
  { "name": "PY", "unicode": "F2F9" },
  { "name": "CoffeeScript", "unicode": "F2FA" },
  { "name": "MarkDownLanguage", "unicode": "F2FB" },
  { "name": "FullWidth", "unicode": "F2FE" },
  { "name": "FullWidthEdit", "unicode": "F2FF" },
  { "name": "Plug", "unicode": "F300" },
  { "name": "PlugSolid", "unicode": "F301" },
  { "name": "PlugConnected", "unicode": "F302" },
  { "name": "PlugDisconnected", "unicode": "F303" },
  { "name": "UnlockSolid", "unicode": "F304" },
  { "name": "Variable", "unicode": "F305" },
  { "name": "Parameter", "unicode": "F306" },
  { "name": "CommentUrgent", "unicode": "F307" },
  { "name": "Storyboard", "unicode": "F308" },
  { "name": "DiffInline", "unicode": "F309" },
  { "name": "DiffSideBySide", "unicode": "F30A" },
  { "name": "ImageDiff", "unicode": "F30B" },
  { "name": "ImagePixel", "unicode": "F30C" },
  { "name": "FileBug", "unicode": "F30D" },
  { "name": "FileCode", "unicode": "F30E" },
  { "name": "FileComment", "unicode": "F30F" },
  { "name": "BusinessHoursSign", "unicode": "F310" },
  { "name": "FileImage", "unicode": "F311" },
  { "name": "FileSymlink", "unicode": "F312" },
  { "name": "AutoFillTemplate", "unicode": "F313" },
  { "name": "WorkItem", "unicode": "F314" },
  { "name": "WorkItemBug", "unicode": "F315" },
  { "name": "LogRemove", "unicode": "F316" },
  { "name": "ColumnOptions", "unicode": "F317" },
  { "name": "Packages", "unicode": "F318" },
  { "name": "BuildIssue", "unicode": "F319" },
  { "name": "AssessmentGroup", "unicode": "F31A" },
  { "name": "VariableGroup", "unicode": "F31B" },
  { "name": "FullHistory", "unicode": "F31C" },
  { "name": "Wheelchair", "unicode": "F31F" },
  { "name": "SingleColumnEdit", "unicode": "F321" },
  { "name": "DoubleColumnEdit", "unicode": "F322" },
  { "name": "TripleColumnEdit", "unicode": "F323" },
  { "name": "ColumnLeftTwoThirdsEdit", "unicode": "F324" },
  { "name": "ColumnRightTwoThirdsEdit", "unicode": "F325" },
  { "name": "StreamLogo", "unicode": "F329" },
  { "name": "PassiveAuthentication", "unicode": "F32A" },
  { "name": "AlertSolid", "unicode": "F331" },
  { "name": "MegaphoneSolid", "unicode": "F332" },
  { "name": "TaskSolid", "unicode": "F333" },
  { "name": "ConfigurationSolid", "unicode": "F334" },
  { "name": "BugSolid", "unicode": "F335" },
  { "name": "CrownSolid", "unicode": "F336" },
  { "name": "Trophy2Solid", "unicode": "F337" },
  { "name": "QuickNoteSolid", "unicode": "F338" },
  { "name": "ConstructionConeSolid", "unicode": "F339" },
  { "name": "PageListSolid", "unicode": "F33A" },
  { "name": "PageListMirroredSolid", "unicode": "F33B" },
  { "name": "StarburstSolid", "unicode": "F33C" },
  { "name": "ReadingModeSolid", "unicode": "F33D" },
  { "name": "SadSolid", "unicode": "F33E" },
  { "name": "HealthSolid", "unicode": "F33F" },
  { "name": "ShieldSolid", "unicode": "F340" },
  { "name": "GiftBoxSolid", "unicode": "F341" },
  { "name": "ShoppingCartSolid", "unicode": "F342" },
  { "name": "MailSolid", "unicode": "F343" },
  { "name": "ChatSolid", "unicode": "F344" },
  { "name": "RibbonSolid", "unicode": "F345" },
  { "name": "FinancialSolid", "unicode": "F346" },
  { "name": "FinancialMirroredSolid", "unicode": "F347" },
  { "name": "HeadsetSolid", "unicode": "F348" },
  { "name": "PermissionsSolid", "unicode": "F349" },
  { "name": "ParkingSolid", "unicode": "F34A" },
  { "name": "ParkingMirroredSolid", "unicode": "F34B" },
  { "name": "DiamondSolid", "unicode": "F34C" },
  { "name": "AsteriskSolid", "unicode": "F34D" },
  { "name": "OfflineStorageSolid", "unicode": "F34E" },
  { "name": "BankSolid", "unicode": "F34F" },
  { "name": "DecisionSolid", "unicode": "F350" },
  { "name": "Parachute", "unicode": "F351" },
  { "name": "ParachuteSolid", "unicode": "F352" },
  { "name": "FiltersSolid", "unicode": "F353" },
  { "name": "ColorSolid", "unicode": "F354" },
  { "name": "ReviewSolid", "unicode": "F355" },
  { "name": "ReviewRequestSolid", "unicode": "F356" },
  { "name": "ReviewRequestMirroredSolid", "unicode": "F357" },
  { "name": "ReviewResponseSolid", "unicode": "F358" },
  { "name": "FeedbackRequestSolid", "unicode": "F359" },
  { "name": "FeedbackRequestMirroredSolid", "unicode": "F35A" },
  { "name": "FeedbackResponseSolid", "unicode": "F35B" },
  { "name": "WorkItemBar", "unicode": "F35C" },
  { "name": "WorkItemBarSolid", "unicode": "F35D" },
  { "name": "Separator", "unicode": "F35E" },
  { "name": "NavigateExternalInline", "unicode": "F35F" },
  { "name": "PlanView", "unicode": "F360" },
  { "name": "TimelineMatrixView", "unicode": "F361" },
  { "name": "EngineeringGroup", "unicode": "F362" },
  { "name": "ProjectCollection", "unicode": "F363" },
  { "name": "CaretBottomRightCenter8", "unicode": "F364" },
  { "name": "CaretBottomLeftCenter8", "unicode": "F365" },
  { "name": "CaretTopRightCenter8", "unicode": "F366" },
  { "name": "CaretTopLeftCenter8", "unicode": "F367" },
  { "name": "DonutChart", "unicode": "F368" },
  { "name": "ChevronUnfold10", "unicode": "F369" },
  { "name": "ChevronFold10", "unicode": "F36A" },
  { "name": "DoubleChevronDown8", "unicode": "F36B" },
  { "name": "DoubleChevronUp8", "unicode": "F36C" },
  { "name": "DoubleChevronLeft8", "unicode": "F36D" },
  { "name": "DoubleChevronRight8", "unicode": "F36E" },
  { "name": "ChevronDownEnd6", "unicode": "F36F" },
  { "name": "ChevronUpEnd6", "unicode": "F370" },
  { "name": "ChevronLeftEnd6", "unicode": "F371" },
  { "name": "ChevronRightEnd6", "unicode": "F372" },
  { "name": "ContextMenu", "unicode": "F37C" },
  { "name": "AzureAPIManagement", "unicode": "F37F" },
  { "name": "AzureServiceEndpoint", "unicode": "F380" },
  { "name": "VSTSLogo", "unicode": "F381" },
  { "name": "VSTSAltLogo1", "unicode": "F382" },
  { "name": "VSTSAltLogo2", "unicode": "F383" },
  { "name": "FileTypeSolution", "unicode": "F387" },
  { "name": "WordLogoInverse16", "unicode": "F390" },
  { "name": "WordLogo16", "unicode": "F391" },
  { "name": "WordLogoFill16", "unicode": "F392" },
  { "name": "PowerPointLogoInverse16", "unicode": "F393" },
  { "name": "PowerPointLogo16", "unicode": "F394" },
  { "name": "PowerPointLogoFill16", "unicode": "F395" },
  { "name": "ExcelLogoInverse16", "unicode": "F396" },
  { "name": "ExcelLogo16", "unicode": "F397" },
  { "name": "ExcelLogoFill16", "unicode": "F398" },
  { "name": "OneNoteLogoInverse16", "unicode": "F399" },
  { "name": "OneNoteLogo16", "unicode": "F39A" },
  { "name": "OneNoteLogoFill16", "unicode": "F39B" },
  { "name": "OutlookLogoInverse16", "unicode": "F39C" },
  { "name": "OutlookLogo16", "unicode": "F39D" },
  { "name": "OutlookLogoFill16", "unicode": "F39E" },
  { "name": "PublisherLogoInverse16", "unicode": "F39F" },
  { "name": "PublisherLogo16", "unicode": "F3A0" },
  { "name": "PublisherLogoFill16", "unicode": "F3A1" },
  { "name": "VisioLogoInverse16", "unicode": "F3A2" },
  { "name": "VisioLogo16", "unicode": "F3A3" },
  { "name": "VisioLogoFill16", "unicode": "F3A4" },
  { "name": "TestBeaker", "unicode": "F3A5" },
  { "name": "TestBeakerSolid", "unicode": "F3A6" },
  { "name": "TestExploreSolid", "unicode": "F3A7" },
  { "name": "TestAutoSolid", "unicode": "F3A8" },
  { "name": "TestUserSolid", "unicode": "F3A9" },
  { "name": "TestImpactSolid", "unicode": "F3AA" },
  { "name": "TestPlan", "unicode": "F3AB" },
  { "name": "TestStep", "unicode": "F3AC" },
  { "name": "TestParameter", "unicode": "F3AD" },
  { "name": "TestSuite", "unicode": "F3AE" },
  { "name": "TestCase", "unicode": "F3AF" },
  { "name": "Sprint", "unicode": "F3B0" },
  { "name": "SignOut", "unicode": "F3B1" },
  { "name": "TriggerApproval", "unicode": "F3B2" },
  { "name": "Rocket", "unicode": "F3B3" },
  { "name": "AzureKeyVault", "unicode": "F3B4" },
  { "name": "Onboarding", "unicode": "F3BA" },
  { "name": "Transition", "unicode": "F3BC" },
  { "name": "LikeSolid", "unicode": "F3BF" },
  { "name": "DislikeSolid", "unicode": "F3C0" },
  { "name": "CRMCustomerInsightsApp", "unicode": "F3C8" },
  { "name": "EditCreate", "unicode": "F3C9" },
  { "name": "SearchData", "unicode": "F3F1" },
  { "name": "UnSetColor", "unicode": "F3F9" },
  { "name": "DeclineCall", "unicode": "F405" },
  { "name": "RectangularClipping", "unicode": "F407" },
  { "name": "TeamsLogo16", "unicode": "F40A" },
  { "name": "TeamsLogoFill16", "unicode": "F40B" },
  { "name": "Spacer", "unicode": "F40D" },
  { "name": "SkypeLogo16", "unicode": "F40E" },
  { "name": "SkypeForBusinessLogo16", "unicode": "F40F" },
  { "name": "SkypeForBusinessLogoFill16", "unicode": "F410" },
  { "name": "FilterSolid", "unicode": "F412" },
  { "name": "MailUndelivered", "unicode": "F415" },
  { "name": "MailTentative", "unicode": "F416" },
  { "name": "MailTentativeMirrored", "unicode": "F417" },
  { "name": "MailReminder", "unicode": "F418" },
  { "name": "ReceiptUndelivered", "unicode": "F419" },
  { "name": "ReceiptTentative", "unicode": "F41A" },
  { "name": "ReceiptTentativeMirrored", "unicode": "F41B" },
  { "name": "Inbox", "unicode": "F41C" },
  { "name": "IRMReply", "unicode": "F41D" },
  { "name": "IRMReplyMirrored", "unicode": "F41E" },
  { "name": "IRMForward", "unicode": "F41F" },
  { "name": "IRMForwardMirrored", "unicode": "F420" },
  { "name": "VoicemailIRM", "unicode": "F421" },
  { "name": "EventAccepted", "unicode": "F422" },
  { "name": "EventTentative", "unicode": "F423" },
  { "name": "EventTentativeMirrored", "unicode": "F424" },
  { "name": "EventDeclined", "unicode": "F425" },
  { "name": "IDBadge", "unicode": "F427" },
  { "name": "BackgroundColor", "unicode": "F42B" },
  { "name": "OfficeFormsLogoInverse16", "unicode": "F433" },
  { "name": "OfficeFormsLogo", "unicode": "F434" },
  { "name": "OfficeFormsLogoFill", "unicode": "F435" },
  { "name": "OfficeFormsLogo16", "unicode": "F436" },
  { "name": "OfficeFormsLogoFill16", "unicode": "F437" },
  { "name": "OfficeFormsLogoInverse24", "unicode": "F43A" },
  { "name": "OfficeFormsLogo24", "unicode": "F43B" },
  { "name": "OfficeFormsLogoFill24", "unicode": "F43C" },
  { "name": "PageLock", "unicode": "F43F" },
  { "name": "NotExecuted", "unicode": "F440" },
  { "name": "NotImpactedSolid", "unicode": "F441" },
  { "name": "FieldReadOnly", "unicode": "F442" },
  { "name": "FieldRequired", "unicode": "F443" },
  { "name": "BacklogBoard", "unicode": "F444" },
  { "name": "ExternalBuild", "unicode": "F445" },
  { "name": "ExternalTFVC", "unicode": "F446" },
  { "name": "ExternalXAML", "unicode": "F447" },
  { "name": "IssueSolid", "unicode": "F448" },
  { "name": "DefectSolid", "unicode": "F449" },
  { "name": "LadybugSolid", "unicode": "F44A" },
  { "name": "NugetLogo", "unicode": "F44C" },
  { "name": "TFVCLogo", "unicode": "F44D" },
  { "name": "ProjectLogo32", "unicode": "F47E" },
  { "name": "ProjectLogoFill32", "unicode": "F47F" },
  { "name": "ProjectLogo16", "unicode": "F480" },
  { "name": "ProjectLogoFill16", "unicode": "F481" },
  { "name": "SwayLogo32", "unicode": "F482" },
  { "name": "SwayLogoFill32", "unicode": "F483" },
  { "name": "SwayLogo16", "unicode": "F484" },
  { "name": "SwayLogoFill16", "unicode": "F485" },
  { "name": "ClassNotebookLogo32", "unicode": "F486" },
  { "name": "ClassNotebookLogoFill32", "unicode": "F487" },
  { "name": "ClassNotebookLogo16", "unicode": "F488" },
  { "name": "ClassNotebookLogoFill16", "unicode": "F489" },
  { "name": "ClassNotebookLogoInverse32", "unicode": "F48A" },
  { "name": "ClassNotebookLogoInverse16", "unicode": "F48B" },
  { "name": "StaffNotebookLogo32", "unicode": "F48C" },
  { "name": "StaffNotebookLogoFill32", "unicode": "F48D" },
  { "name": "StaffNotebookLogo16", "unicode": "F48E" },
  { "name": "StaffNotebookLogoFill16", "unicode": "F48F" },
  { "name": "StaffNotebookLogoInverted32", "unicode": "F490" },
  { "name": "StaffNotebookLogoInverted16", "unicode": "F491" },
  { "name": "KaizalaLogo", "unicode": "F492" },
  { "name": "TaskLogo", "unicode": "F493" },
  { "name": "ProtectionCenterLogo32", "unicode": "F494" },
  { "name": "GallatinLogo", "unicode": "F496" },
  { "name": "Globe2", "unicode": "F49A" },
  { "name": "Guitar", "unicode": "F49B" },
  { "name": "Breakfast", "unicode": "F49C" },
  { "name": "Brunch", "unicode": "F49D" },
  { "name": "BeerMug", "unicode": "F49E" },
  { "name": "Vacation", "unicode": "F49F" },
  { "name": "Teeth", "unicode": "F4A0" },
  { "name": "Taxi", "unicode": "F4A1" },
  { "name": "Chopsticks", "unicode": "F4A2" },
  { "name": "SyncOccurence", "unicode": "F4A3" },
  { "name": "UnsyncOccurence", "unicode": "F4A4" },
  { "name": "GIF", "unicode": "F4A9" },
  { "name": "PrimaryCalendar", "unicode": "F4AE" },
  { "name": "SearchCalendar", "unicode": "F4AF" },
  { "name": "VideoOff", "unicode": "F4B0" },
  { "name": "MicrosoftFlowLogo", "unicode": "F4B1" },
  { "name": "BusinessCenterLogo", "unicode": "F4B2" },
  { "name": "ToDoLogoBottom", "unicode": "F4B3" },
  { "name": "ToDoLogoTop", "unicode": "F4B4" },
  { "name": "EditSolid12", "unicode": "F4B5" },
  { "name": "EditSolidMirrored12", "unicode": "F4B6" },
  { "name": "UneditableSolid12", "unicode": "F4B7" },
  { "name": "UneditableSolidMirrored12", "unicode": "F4B8" },
  { "name": "UneditableMirrored", "unicode": "F4B9" },
  { "name": "AdminALogo32", "unicode": "F4BA" },
  { "name": "AdminALogoFill32", "unicode": "F4BB" },
  { "name": "ToDoLogoInverse", "unicode": "F4BC" },
  { "name": "Snooze", "unicode": "F4BD" },
  { "name": "WaffleOffice365", "unicode": "F4E0" },
  { "name": "ImageSearch", "unicode": "F4E8" },
  { "name": "NewsSearch", "unicode": "F4E9" },
  { "name": "VideoSearch", "unicode": "F4EA" },
  { "name": "R", "unicode": "F4EB" },
  { "name": "FontColorA", "unicode": "F4EC" },
  { "name": "FontColorSwatch", "unicode": "F4ED" },
  { "name": "LightWeight", "unicode": "F4EE" },
  { "name": "NormalWeight", "unicode": "F4EF" },
  { "name": "SemiboldWeight", "unicode": "F4F0" },
  { "name": "GroupObject", "unicode": "F4F1" },
  { "name": "UngroupObject", "unicode": "F4F2" },
  { "name": "AlignHorizontalLeft", "unicode": "F4F3" },
  { "name": "AlignHorizontalCenter", "unicode": "F4F4" },
  { "name": "AlignHorizontalRight", "unicode": "F4F5" },
  { "name": "AlignVerticalTop", "unicode": "F4F6" },
  { "name": "AlignVerticalCenter", "unicode": "F4F7" },
  { "name": "AlignVerticalBottom", "unicode": "F4F8" },
  { "name": "HorizontalDistributeCenter", "unicode": "F4F9" },
  { "name": "VerticalDistributeCenter", "unicode": "F4FA" },
  { "name": "Ellipse", "unicode": "F4FB" },
  { "name": "Line", "unicode": "F4FC" },
  { "name": "Octagon", "unicode": "F4FD" },
  { "name": "Hexagon", "unicode": "F4FE" },
  { "name": "Pentagon", "unicode": "F4FF" },
  { "name": "RightTriangle", "unicode": "F500" },
  { "name": "HalfCircle", "unicode": "F501" },
  { "name": "QuarterCircle", "unicode": "F502" },
  { "name": "ThreeQuarterCircle", "unicode": "F503" },
  { "name": "6PointStar", "unicode": "F504" },
  { "name": "12PointStar", "unicode": "F505" },
  { "name": "ArrangeBringToFront", "unicode": "F506" },
  { "name": "ArrangeSendToBack", "unicode": "F507" },
  { "name": "ArrangeSendBackward", "unicode": "F508" },
  { "name": "ArrangeBringForward", "unicode": "F509" },
  { "name": "BorderDash", "unicode": "F50A" },
  { "name": "BorderDot", "unicode": "F50B" },
  { "name": "LineStyle", "unicode": "F50C" },
  { "name": "LineThickness", "unicode": "F50D" },
  { "name": "WindowEdit", "unicode": "F50E" },
  { "name": "HintText", "unicode": "F50F" },
  { "name": "MediaAdd", "unicode": "F510" },
  { "name": "AnchorLock", "unicode": "F511" },
  { "name": "AutoHeight", "unicode": "F512" },
  { "name": "ChartSeries", "unicode": "F513" },
  { "name": "ChartXAngle", "unicode": "F514" },
  { "name": "ChartYAngle", "unicode": "F515" },
  { "name": "Combobox", "unicode": "F516" },
  { "name": "LineSpacing", "unicode": "F517" },
  { "name": "Padding", "unicode": "F518" },
  { "name": "PaddingTop", "unicode": "F519" },
  { "name": "PaddingBottom", "unicode": "F51A" },
  { "name": "PaddingLeft", "unicode": "F51B" },
  { "name": "PaddingRight", "unicode": "F51C" },
  { "name": "NavigationFlipper", "unicode": "F51D" },
  { "name": "AlignJustify", "unicode": "F51E" },
  { "name": "TextOverflow", "unicode": "F51F" },
  { "name": "VisualsFolder", "unicode": "F520" },
  { "name": "VisualsStore", "unicode": "F521" },
  { "name": "PictureCenter", "unicode": "F522" },
  { "name": "PictureFill", "unicode": "F523" },
  { "name": "PicturePosition", "unicode": "F524" },
  { "name": "PictureStretch", "unicode": "F525" },
  { "name": "PictureTile", "unicode": "F526" },
  { "name": "Slider", "unicode": "F527" },
  { "name": "SliderHandleSize", "unicode": "F528" },
  { "name": "DefaultRatio", "unicode": "F529" },
  { "name": "NumberSequence", "unicode": "F52A" },
  { "name": "GUID", "unicode": "F52B" },
  { "name": "ReportAdd", "unicode": "F52C" },
  { "name": "DashboardAdd", "unicode": "F52D" },
  { "name": "MapPinSolid", "unicode": "F52E" },
  { "name": "WebPublish", "unicode": "F52F" },
  { "name": "PieSingleSolid", "unicode": "F530" },
  { "name": "BlockedSolid", "unicode": "F531" },
  { "name": "DrillDown", "unicode": "F532" },
  { "name": "DrillDownSolid", "unicode": "F533" },
  { "name": "DrillExpand", "unicode": "F534" },
  { "name": "DrillShow", "unicode": "F535" },
  { "name": "SpecialEvent", "unicode": "F536" },
  { "name": "OneDriveFolder16", "unicode": "F53B" },
  { "name": "FunctionalManagerDashboard", "unicode": "F542" },
  { "name": "BIDashboard", "unicode": "F543" },
  { "name": "CodeEdit", "unicode": "F544" },
  { "name": "RenewalCurrent", "unicode": "F545" },
  { "name": "RenewalFuture", "unicode": "F546" },
  { "name": "SplitObject", "unicode": "F547" },
  { "name": "BulkUpload", "unicode": "F548" },
  { "name": "DownloadDocument", "unicode": "F549" },
  { "name": "Flower", "unicode": "F54E" },
  { "name": "WaitlistConfirm", "unicode": "F550" },
  { "name": "WaitlistConfirmMirrored", "unicode": "F551" },
  { "name": "LaptopSecure", "unicode": "F552" },
  { "name": "DragObject", "unicode": "F553" },
  { "name": "EntryView", "unicode": "F554" },
  { "name": "EntryDecline", "unicode": "F555" },
  { "name": "ContactCardSettings", "unicode": "F556" },
  { "name": "ContactCardSettingsMirrored", "unicode": "F557" },
  { "name": "CalendarSettings", "unicode": "F558" },
  { "name": "CalendarSettingsMirrored", "unicode": "F559" },
  { "name": "HardDriveLock", "unicode": "F55A" },
  { "name": "HardDriveUnlock", "unicode": "F55B" },
  { "name": "AccountManagement", "unicode": "F55C" },
  { "name": "TransitionPop", "unicode": "F5B2" },
  { "name": "TransitionPush", "unicode": "F5B3" },
  { "name": "TransitionEffect", "unicode": "F5B4" },
  { "name": "LookupEntities", "unicode": "F5B5" },
  { "name": "ExploreData", "unicode": "F5B6" },
  { "name": "AddBookmark", "unicode": "F5B7" },
  { "name": "SearchBookmark", "unicode": "F5B8" },
  { "name": "DrillThrough", "unicode": "F5B9" },
  { "name": "MasterDatabase", "unicode": "F5BA" },
  { "name": "CertifiedDatabase", "unicode": "F5BB" },
  { "name": "MaximumValue", "unicode": "F5BC" },
  { "name": "MinimumValue", "unicode": "F5BD" },
  { "name": "VisualStudioIDELogo32", "unicode": "F5D0" },
  { "name": "PasteAsText", "unicode": "F5D5" },
  { "name": "PasteAsCode", "unicode": "F5D6" },
  { "name": "BrowserTab", "unicode": "F5D7" },
  { "name": "BrowserTabScreenshot", "unicode": "F5D8" },
  { "name": "DesktopScreenshot", "unicode": "F5D9" },
  { "name": "FileYML", "unicode": "F5DA" },
  { "name": "ClipboardSolid", "unicode": "F5DC" },
  { "name": "FabricUserFolder", "unicode": "F5E5" },
  { "name": "FabricNetworkFolder", "unicode": "F5E6" },
  { "name": "AnalyticsView", "unicode": "F5F1" },
  { "name": "Video360Generic", "unicode": "F609" },
  { "name": "Leave", "unicode": "F627" },
  { "name": "Trending12", "unicode": "F62D" },
  { "name": "Blocked12", "unicode": "F62E" },
  { "name": "Warning12", "unicode": "F62F" },
  { "name": "CheckedOutByOther12", "unicode": "F630" },
  { "name": "CheckedOutByYou12", "unicode": "F631" },
  { "name": "CircleShapeSolid", "unicode": "F63C" },
  { "name": "SquareShapeSolid", "unicode": "F63D" },
  { "name": "TriangleShapeSolid", "unicode": "F63E" },
  { "name": "DropShapeSolid", "unicode": "F63F" },
  { "name": "RectangleShapeSolid", "unicode": "F640" },
  { "name": "ZoomToFit", "unicode": "F649" },
  { "name": "InsertColumnsLeft", "unicode": "F64A" },
  { "name": "InsertColumnsRight", "unicode": "F64B" },
  { "name": "InsertRowsAbove", "unicode": "F64C" },
  { "name": "InsertRowsBelow", "unicode": "F64D" },
  { "name": "DeleteColumns", "unicode": "F64E" },
  { "name": "DeleteRows", "unicode": "F64F" },
  { "name": "DeleteRowsMirrored", "unicode": "F650" },
  { "name": "DeleteTable", "unicode": "F651" },
  { "name": "AccountBrowser", "unicode": "F652" },
  { "name": "VersionControlPush", "unicode": "F664" },
  { "name": "StackedColumnChart2", "unicode": "F666" },
  { "name": "TripleColumnWide", "unicode": "F66E" },
  { "name": "QuadColumn", "unicode": "F66F" },
  { "name": "WhiteBoardApp16", "unicode": "F673" },
  { "name": "WhiteBoardApp32", "unicode": "F674" },
  { "name": "PinnedSolid", "unicode": "F676" },
  { "name": "InsertSignatureLine", "unicode": "F677" },
  { "name": "ArrangeByFrom", "unicode": "F678" },
  { "name": "Phishing", "unicode": "F679" },
  { "name": "CreateMailRule", "unicode": "F67A" },
  { "name": "PublishCourse", "unicode": "F699" },
  { "name": "DictionaryRemove", "unicode": "F69A" },
  { "name": "UserRemove", "unicode": "F69B" },
  { "name": "UserEvent", "unicode": "F69C" },
  { "name": "Encryption", "unicode": "F69D" },
  { "name": "PasswordField", "unicode": "F6AA" },
  { "name": "OpenInNewTab", "unicode": "F6AB" },
  { "name": "Hide3", "unicode": "F6AC" },
  { "name": "VerifiedBrandSolid", "unicode": "F6AD" },
  { "name": "MarkAsProtected", "unicode": "F6AE" },
  { "name": "AuthenticatorApp", "unicode": "F6B1" },
  { "name": "WebTemplate", "unicode": "F6B2" },
  { "name": "DefenderTVM", "unicode": "F6B3" },
  { "name": "MedalSolid", "unicode": "F6B9" },
  { "name": "D365TalentLearn", "unicode": "F6BB" },
  { "name": "D365TalentInsight", "unicode": "F6BC" },
  { "name": "D365TalentHRCore", "unicode": "F6BD" },
  { "name": "BacklogList", "unicode": "F6BF" },
  { "name": "ButtonControl", "unicode": "F6C0" },
  { "name": "TableGroup", "unicode": "F6D9" },
  { "name": "MountainClimbing", "unicode": "F6DB" },
  { "name": "TagUnknown", "unicode": "F6DF" },
  { "name": "TagUnknownMirror", "unicode": "F6E0" },
  { "name": "TagUnknown12", "unicode": "F6E1" },
  { "name": "TagUnknown12Mirror", "unicode": "F6E2" },
  { "name": "Link12", "unicode": "F6E3" },
  { "name": "Presentation", "unicode": "F6E4" },
  { "name": "Presentation12", "unicode": "F6E5" },
  { "name": "Lock12", "unicode": "F6E6" },
  { "name": "BuildDefinition", "unicode": "F6E9" },
  { "name": "ReleaseDefinition", "unicode": "F6EA" },
  { "name": "SaveTemplate", "unicode": "F6EC" },
  { "name": "UserGauge", "unicode": "F6ED" },
  { "name": "BlockedSiteSolid12", "unicode": "F70A" },
  { "name": "TagSolid", "unicode": "F70E" },
  { "name": "OfficeChat", "unicode": "F70F" },
  { "name": "OfficeChatSolid", "unicode": "F710" },
  { "name": "MailSchedule", "unicode": "F72E" },
  { "name": "WarningSolid", "unicode": "F736" },
  { "name": "Blocked2Solid", "unicode": "F737" },
  { "name": "SkypeCircleArrow", "unicode": "F747" },
  { "name": "SkypeArrow", "unicode": "F748" },
  { "name": "SyncStatus", "unicode": "F751" },
  { "name": "SyncStatusSolid", "unicode": "F752" },
  { "name": "ProjectDocument", "unicode": "F759" },
  { "name": "ToDoLogoOutline", "unicode": "F75B" },
  { "name": "VisioOnlineLogoFill32", "unicode": "F75F" },
  { "name": "VisioOnlineLogo32", "unicode": "F760" },
  { "name": "VisioOnlineLogoCloud32", "unicode": "F761" },
  { "name": "VisioDiagramSync", "unicode": "F762" },
  { "name": "Event12", "unicode": "F763" },
  { "name": "EventDateMissed12", "unicode": "F764" },
  { "name": "UserOptional", "unicode": "F767" },
  { "name": "ResponsesMenu", "unicode": "F768" },
  { "name": "DoubleDownArrow", "unicode": "F769" },
  { "name": "DistributeDown", "unicode": "F76A" },
  { "name": "BookmarkReport", "unicode": "F76B" },
  { "name": "FilterSettings", "unicode": "F76C" },
  { "name": "GripperDotsVertical", "unicode": "F772" },
  { "name": "MailAttached", "unicode": "F774" },
  { "name": "AddIn", "unicode": "F775" },
  { "name": "LinkedDatabase", "unicode": "F779" },
  { "name": "TableLink", "unicode": "F77A" },
  { "name": "PromotedDatabase", "unicode": "F77D" },
  { "name": "BarChartVerticalFilter", "unicode": "F77E" },
  { "name": "BarChartVerticalFilterSolid", "unicode": "F77F" },
  { "name": "MicrosoftTranslatorLogo", "unicode": "F782" },
  { "name": "ShowTimeAs", "unicode": "F787" },
  { "name": "FileRequest", "unicode": "F789" },
  { "name": "WorkItemAlert", "unicode": "F78F" },
  { "name": "PowerBILogo16", "unicode": "F790" },
  { "name": "PowerBILogoBackplate16", "unicode": "F791" },
  { "name": "BulletedListText", "unicode": "F792" },
  { "name": "BulletedListBullet", "unicode": "F793" },
  { "name": "BulletedListTextMirrored", "unicode": "F794" },
  { "name": "BulletedListBulletMirrored", "unicode": "F795" },
  { "name": "NumberedListText", "unicode": "F796" },
  { "name": "NumberedListNumber", "unicode": "F797" },
  { "name": "NumberedListTextMirrored", "unicode": "F798" },
  { "name": "NumberedListNumberMirrored", "unicode": "F799" },
  { "name": "RemoveLinkChain", "unicode": "F79A" },
  { "name": "RemoveLinkX", "unicode": "F79B" },
  { "name": "FabricTextHighlight", "unicode": "F79C" },
  { "name": "ClearFormattingA", "unicode": "F79D" },
  { "name": "ClearFormattingEraser", "unicode": "F79E" },
  { "name": "Photo2Fill", "unicode": "F79F" },
  { "name": "IncreaseIndentText", "unicode": "F7A0" },
  { "name": "IncreaseIndentArrow", "unicode": "F7A1" },
  { "name": "DecreaseIndentText", "unicode": "F7A2" },
  { "name": "DecreaseIndentArrow", "unicode": "F7A3" },
  { "name": "IncreaseIndentTextMirrored", "unicode": "F7A4" },
  { "name": "IncreaseIndentArrowMirrored", "unicode": "F7A5" },
  { "name": "DecreaseIndentTextMirrored", "unicode": "F7A6" },
  { "name": "DecreaseIndentArrowMirrored", "unicode": "F7A7" },
  { "name": "CheckListText", "unicode": "F7A8" },
  { "name": "CheckListCheck", "unicode": "F7A9" },
  { "name": "CheckListTextMirrored", "unicode": "F7AA" },
  { "name": "CheckListCheckMirrored", "unicode": "F7AB" },
  { "name": "NumberSymbol", "unicode": "F7AC" },
  { "name": "Coupon", "unicode": "F7BC" },
  { "name": "VerifiedBrand", "unicode": "F7BD" },
  { "name": "ReleaseGate", "unicode": "F7BE" },
  { "name": "ReleaseGateCheck", "unicode": "F7BF" },
  { "name": "ReleaseGateError", "unicode": "F7C0" },
  { "name": "M365InvoicingLogo", "unicode": "F7C1" },
  { "name": "RemoveFromShoppingList", "unicode": "F7D5" },
  { "name": "ShieldAlert", "unicode": "F7D7" },
  { "name": "FabricTextHighlightComposite", "unicode": "F7DA" },
  { "name": "Dataflows", "unicode": "F7DD" },
  { "name": "GenericScanFilled", "unicode": "F7DE" },
  { "name": "DiagnosticDataBarTooltip", "unicode": "F7DF" },
  { "name": "SaveToMobile", "unicode": "F7E0" },
  { "name": "Orientation2", "unicode": "F7E1" },
  { "name": "ScreenCast", "unicode": "F7E2" },
  { "name": "ShowGrid", "unicode": "F7E3" },
  { "name": "SnapToGrid", "unicode": "F7E4" },
  { "name": "ContactList", "unicode": "F7E5" },
  { "name": "NewMail", "unicode": "F7EA" },
  { "name": "EyeShadow", "unicode": "F7EB" },
  { "name": "FabricFolderConfirm", "unicode": "F7FF" },
  { "name": "InformationBarriers", "unicode": "F803" },
  { "name": "CommentActive", "unicode": "F804" },
  { "name": "ColumnVerticalSectionEdit", "unicode": "F806" },
  { "name": "WavingHand", "unicode": "F807" },
  { "name": "ShakeDevice", "unicode": "F80A" },
  { "name": "SmartGlassRemote", "unicode": "F80B" },
  { "name": "Rotate90Clockwise", "unicode": "F80D" },
  { "name": "Rotate90CounterClockwise", "unicode": "F80E" },
  { "name": "CampaignTemplate", "unicode": "F811" },
  { "name": "ChartTemplate", "unicode": "F812" },
  { "name": "PageListFilter", "unicode": "F813" },
  { "name": "SecondaryNav", "unicode": "F814" },
  { "name": "ColumnVerticalSection", "unicode": "F81E" },
  { "name": "SkypeCircleSlash", "unicode": "F825" },
  { "name": "SkypeSlash", "unicode": "F826" },
  { "name": "CustomizeToolbar", "unicode": "F828" },
  { "name": "DuplicateRow", "unicode": "F82A" },
  { "name": "RemoveFromTrash", "unicode": "F82B" },
  { "name": "MailOptions", "unicode": "F82C" },
  { "name": "Childof", "unicode": "F82D" },
  { "name": "Footer", "unicode": "F82E" },
  { "name": "Header", "unicode": "F82F" },
  { "name": "BarChartVerticalFill", "unicode": "F830" },
  { "name": "StackedColumnChart2Fill", "unicode": "F831" },
  { "name": "PlainText", "unicode": "F834" },
  { "name": "AccessibiltyChecker", "unicode": "F835" },
  { "name": "DatabaseSync", "unicode": "F842" },
  { "name": "ReservationOrders", "unicode": "F845" },
  { "name": "TabOneColumn", "unicode": "F849" },
  { "name": "TabTwoColumn", "unicode": "F84A" },
  { "name": "TabThreeColumn", "unicode": "F84B" },
  { "name": "MicrosoftTranslatorLogoGreen", "unicode": "F852" },
  { "name": "MicrosoftTranslatorLogoBlue", "unicode": "F853" },
  { "name": "InternalInvestigation", "unicode": "F854" },
  { "name": "AddReaction", "unicode": "F85D" },
  { "name": "ContactHeart", "unicode": "F862" },
  { "name": "VisuallyImpaired", "unicode": "F866" },
  { "name": "EventToDoLogo", "unicode": "F869" },
  { "name": "Variable2", "unicode": "F86D" },
  { "name": "ModelingView", "unicode": "F871" },
  { "name": "DisconnectVirtualMachine", "unicode": "F873" },
  { "name": "ReportLock", "unicode": "F875" },
  { "name": "Uneditable2", "unicode": "F876" },
  { "name": "Uneditable2Mirrored", "unicode": "F877" },
  { "name": "BarChartVerticalEdit", "unicode": "F89D" },
  { "name": "GlobalNavButtonActive", "unicode": "F89F" },
  { "name": "PollResults", "unicode": "F8A0" },
  { "name": "Rerun", "unicode": "F8A1" },
  { "name": "QandA", "unicode": "F8A2" },
  { "name": "QandAMirror", "unicode": "F8A3" },
  { "name": "BookAnswers", "unicode": "F8A4" },
  { "name": "AlertSettings", "unicode": "F8B6" },
  { "name": "TableComputed", "unicode": "F8F5" },
  { "name": "DecreaseIndentLegacy", "unicode": "E290" },
  { "name": "IncreaseIndentLegacy", "unicode": "E291" },
  { "name": "SizeLegacy", "unicode": "E2B2" }
]
